applicant_age,monthly_income_eur,loan_amount_eur,debt_to_income_ratio,employment_stability_score,prior_defaults_count,credit_bureau_score,sector_risk_index,regional_unemployment_pct,savings_eur,num_active_credit_lines,declared_address_match,application_quarter,default
25,2106.81,2630.74,1.254,0.69,0,580.9,3,10.7,1252.82,2,0,4,1
56,3654.89,1638.36,0.532,7.23,0,644.8,4,14.0,526.11,4,1,4,0
50,800.0,2621.08,3.0,7.49,0,377.5,2,3.9,981.29,1,0,4,0
41,1121.84,1615.37,1.549,6.66,0,312.7,2,9.4,193.98,0,1,2,0
41,1452.31,1365.44,0.928,2.04,2,327.9,1,17.5,1129.12,4,1,3,1
59,4246.04,2843.84,0.836,9.13,3,797.2,2,3.8,1903.63,1,1,4,0
25,2498.33,2716.37,1.115,7.53,0,785.5,3,9.3,1603.11,4,1,2,0
52,3107.29,3438.02,1.182,6.58,1,744.2,2,3.6,560.76,5,1,4,0
30,1317.04,8000.0,3.0,6.51,0,409.8,2,5.2,224.26,2,1,3,0
26,1329.32,2911.88,2.22,9.04,0,589.0,1,9.9,1812.05,4,1,2,0
45,2691.16,3264.43,1.125,9.28,0,737.9,1,5.4,3235.83,1,1,4,0
64,2258.45,1382.14,0.696,5.96,0,671.1,3,10.8,171.07,5,1,1,0
54,2816.2,1231.82,0.779,4.17,0,363.5,3,16.8,455.14,1,1,3,0
55,2021.83,5970.6,2.908,3.64,0,792.5,3,6.0,902.67,5,1,4,1
53,2493.34,1504.37,0.612,8.19,0,388.4,3,4.6,2620.35,4,1,1,0
56,2362.24,1407.93,0.542,6.45,0,394.5,2,15.4,1024.25,1,1,2,0
44,3121.93,2446.81,0.725,0.77,2,795.6,3,9.9,1522.32,4,1,3,1
27,3163.29,2379.01,0.937,1.42,0,566.5,1,16.2,261.04,3,1,1,0
58,1061.32,1521.83,1.353,9.0,0,505.1,5,7.6,330.63,4,1,4,0
41,800.26,2113.94,2.585,8.84,0,604.5,1,12.4,2187.95,2,1,3,0
44,3453.0,4915.76,1.233,9.52,0,839.8,3,16.8,2398.66,1,1,2,0
38,3754.42,1604.79,0.337,4.28,0,365.8,1,5.6,480.5,4,1,2,0
30,1389.82,1161.57,0.631,7.84,0,716.3,4,15.0,3729.26,0,1,1,0
62,952.69,4198.46,3.0,8.28,0,483.9,2,12.5,57.98,2,1,1,1
56,2300.26,3277.41,1.761,3.16,0,364.4,5,15.2,457.1,0,1,3,0
50,3344.56,1777.14,0.487,1.45,0,532.1,1,5.6,392.87,0,1,4,0
39,4940.05,1047.18,0.012,9.97,0,601.8,4,9.5,251.17,0,0,2,0
58,2775.39,1659.88,0.706,0.3,0,413.3,3,4.9,83.61,0,1,1,0
45,1861.13,2425.9,1.216,5.97,0,522.9,2,17.4,2315.99,5,1,3,0
41,1471.89,4746.51,3.0,6.5,0,649.6,2,3.9,1720.5,4,1,3,0
41,2211.37,1413.64,0.605,6.82,0,617.0,2,4.0,878.96,5,1,1,0
31,1922.81,2386.44,1.165,2.56,0,697.7,4,16.5,1306.44,0,1,3,0
26,1393.3,3624.15,2.58,7.22,0,760.0,4,7.5,887.09,5,1,1,0
46,5531.16,674.75,0.213,2.16,0,525.0,2,12.0,2152.49,3,1,1,0
61,4912.5,4414.41,0.871,8.29,0,532.6,2,7.3,245.44,4,1,2,0
24,3668.12,1304.66,0.296,2.19,0,573.2,2,12.7,55.74,5,0,3,0
59,1453.65,3000.83,2.04,6.97,0,611.5,1,5.9,3640.62,1,1,3,0
58,3232.37,2863.28,0.733,7.83,0,359.6,3,9.9,822.6,4,1,3,0
34,2933.77,4539.48,1.595,1.89,1,471.9,2,11.0,4540.36,3,1,1,1
49,2684.79,3384.81,1.046,2.38,2,394.5,2,8.0,5000.0,2,1,2,0
29,3860.54,676.23,0.122,7.79,2,512.2,4,6.8,4448.4,2,1,3,0
55,2928.16,1623.63,0.646,0.86,0,835.3,4,5.1,1436.72,1,1,3,0
52,3069.34,2697.44,0.915,1.91,0,620.5,4,13.6,131.9,1,1,1,0
37,2930.18,2245.78,0.837,4.56,0,536.2,1,5.5,5000.0,5,1,4,0
24,2564.63,3251.05,1.26,9.3,0,611.3,5,7.4,1240.29,4,1,1,0
64,985.93,3859.13,3.0,5.62,0,668.0,3,8.1,540.58,3,1,4,0
41,2284.36,3493.62,1.64,3.88,0,539.2,3,9.8,1891.27,4,1,3,0
61,1712.87,2222.07,1.351,9.78,0,546.2,1,13.5,553.55,2,0,1,0
51,1236.8,905.57,0.843,4.64,0,685.8,4,9.4,458.17,1,1,2,0
56,4689.26,1946.0,0.505,4.34,0,333.5,3,16.1,2227.23,5,1,2,0
55,4789.88,3143.36,0.604,4.12,0,597.0,4,13.2,287.3,5,1,4,0
30,4055.63,1372.38,0.177,3.12,2,601.0,3,15.6,1610.91,1,1,3,0
38,2467.74,3537.75,1.484,3.26,0,716.2,4,13.7,1224.92,4,1,2,0
42,4039.98,4120.22,1.085,6.88,0,840.5,3,5.2,1562.29,2,1,4,0
43,2211.97,2680.67,1.343,0.41,2,737.7,5,17.7,1873.69,4,1,1,0
23,2410.22,500.0,0.095,6.82,0,577.1,2,14.8,427.11,0,1,4,0
46,1345.0,1237.81,0.812,2.01,0,393.2,2,11.6,2663.51,2,1,4,0
28,2630.31,7054.7,2.737,3.84,0,623.5,4,5.5,2314.76,0,1,2,0
54,2260.6,1850.94,0.81,1.47,0,758.9,3,5.6,415.87,4,1,1,0
52,1224.17,839.47,0.459,5.53,0,812.8,3,12.2,4106.24,2,1,4,0
62,2149.89,4931.67,2.339,7.29,1,753.9,4,9.2,3925.82,1,1,4,0
54,2122.47,2518.43,0.964,3.55,1,403.9,3,13.1,5000.0,4,1,2,0
38,4939.97,4590.59,0.816,1.63,1,691.9,4,8.6,1185.83,5,1,1,1
64,3289.89,2911.35,1.047,2.27,3,784.1,2,10.7,58.14,2,1,2,0
40,2211.36,3217.16,1.674,8.18,0,674.6,4,5.8,2386.71,4,1,1,0
36,2460.62,3052.45,1.095,2.68,1,677.2,1,5.3,2633.72,4,1,3,0
61,2244.21,3668.96,1.595,7.75,0,575.1,3,4.1,394.34,2,1,3,0
38,2008.01,8000.0,3.0,3.31,0,650.3,4,15.3,827.87,4,1,2,0
25,1351.7,4264.58,3.0,1.89,1,461.9,2,11.3,178.32,0,1,3,1
42,2055.43,1048.23,0.451,7.27,1,348.8,2,17.2,640.26,5,1,3,0
57,1572.57,3196.17,1.975,4.69,1,755.2,2,14.2,1968.68,2,1,1,0
30,1253.34,4683.78,3.0,0.31,0,818.7,3,14.5,2560.53,0,1,2,0
42,2769.06,4844.17,1.704,9.6,0,771.3,3,10.6,390.42,5,1,4,0
27,2623.55,1977.15,0.84,1.48,0,483.7,1,15.2,3356.91,4,1,4,0
52,984.56,4744.61,3.0,3.53,0,351.4,4,17.1,1109.52,4,1,4,0
42,2081.83,4164.3,1.98,3.85,1,454.1,2,13.8,2586.77,0,1,4,0
36,3443.62,8000.0,2.124,4.89,1,763.6,3,4.6,658.71,4,1,1,0
31,3543.48,1654.98,0.34,7.85,0,660.7,3,12.8,179.0,4,1,2,0
46,3490.64,1891.22,0.643,0.06,0,831.7,1,4.8,2342.19,5,1,2,0
51,2238.86,2112.61,0.938,9.32,0,488.5,1,4.2,297.07,2,1,3,0
63,1504.09,1909.17,1.231,6.46,0,603.3,5,13.4,995.88,5,1,4,0
41,1350.93,1532.31,1.044,9.51,0,734.5,3,15.5,23.04,4,1,3,0
29,2569.03,547.07,0.186,8.17,2,428.7,1,5.4,387.13,1,0,3,0
58,2609.43,1968.37,0.79,9.28,0,830.2,4,4.1,2571.95,1,1,1,0
49,3926.53,3063.13,0.898,6.01,3,625.8,3,16.3,678.87,5,1,3,1
52,3609.06,1906.02,0.213,3.57,0,304.3,1,5.0,2427.1,3,1,4,0
26,2072.91,7248.18,3.0,4.43,1,313.8,3,3.5,2430.37,0,0,4,1
35,1256.79,2518.46,2.023,6.58,0,785.2,3,13.8,2439.14,0,1,3,0
55,1905.72,5085.31,2.657,4.27,0,654.9,2,15.7,1829.84,4,1,1,0
58,2425.92,2886.58,1.238,7.32,0,719.7,4,10.7,305.96,1,1,1,0
41,2008.76,3938.56,1.993,0.92,1,731.2,2,11.1,1142.93,1,1,3,1
57,1696.22,2915.01,1.682,8.3,2,531.3,2,8.1,1813.75,3,1,4,0
59,2465.16,5307.51,2.09,2.04,0,739.2,2,6.6,3207.4,5,1,4,0
39,1753.61,2578.11,1.441,9.44,0,815.6,4,14.3,2239.9,2,1,2,0
61,1658.36,3284.31,2.118,1.56,0,394.7,4,15.7,2413.43,3,0,3,1
34,2530.99,3058.04,1.12,1.29,1,720.3,5,7.8,2071.91,4,0,1,1
32,1835.95,2133.44,1.154,8.12,0,469.3,2,7.1,338.88,3,0,3,0
52,2455.44,3123.74,1.294,8.19,0,476.8,4,7.0,649.65,4,1,1,0
50,2487.8,8000.0,3.0,7.39,0,527.0,3,3.8,947.23,1,1,4,0
28,1317.47,2154.53,1.599,9.61,0,775.0,2,7.2,1043.23,3,1,4,0
58,1771.63,3148.72,1.892,2.71,1,312.1,1,3.4,985.46,0,1,1,1
30,4201.56,4993.16,1.336,8.27,1,538.7,4,14.8,386.52,4,1,4,0
57,1304.11,4680.62,3.0,3.52,1,674.0,2,6.8,2771.68,4,1,4,1
22,848.71,2516.16,2.939,5.37,1,360.7,3,13.4,603.93,4,1,2,1
57,951.83,673.97,0.669,4.46,1,735.7,3,11.1,460.21,0,1,2,0
56,2229.01,3321.7,1.46,0.06,0,818.0,1,15.6,506.82,5,1,1,0
56,2230.82,737.55,0.433,5.74,2,350.0,5,17.4,1782.44,2,1,4,0
51,2086.59,5611.15,2.717,7.48,0,384.1,4,8.5,1585.33,0,1,1,1
42,3799.4,2744.23,0.751,1.75,0,835.8,3,4.3,829.07,3,1,4,0
53,800.0,4332.36,3.0,9.32,1,408.8,3,14.2,2054.87,3,1,3,1
34,2629.06,1522.16,0.463,5.3,0,343.4,3,3.3,769.87,2,1,4,0
56,4442.0,1064.4,0.497,1.78,0,823.7,4,6.3,3348.17,4,1,2,0
46,1324.4,2885.52,2.157,6.46,0,790.9,1,3.8,5000.0,3,0,4,0
42,1854.37,2454.22,1.231,1.92,0,660.6,3,16.5,513.98,1,1,2,0
44,1567.77,1907.79,1.389,0.64,2,603.3,2,3.1,1755.92,3,1,2,0
47,1471.09,2619.16,1.814,6.85,0,805.6,3,10.4,3219.68,1,1,2,0
23,1899.59,8000.0,3.0,1.11,0,660.5,3,9.4,970.58,0,1,4,0
28,4182.15,3956.18,0.929,1.06,0,662.1,1,12.8,2298.75,1,1,2,0
32,5029.3,4452.72,0.847,7.4,0,764.0,5,7.3,653.48,5,1,2,0
27,1891.34,3976.71,2.082,0.55,0,659.3,1,16.1,1047.64,3,1,3,0
41,5184.82,5640.63,0.922,8.1,0,577.0,1,14.0,176.26,1,1,3,0
51,2235.5,2251.85,0.997,7.96,0,514.3,2,9.5,334.19,2,1,3,0
50,4843.41,807.49,0.202,1.41,0,576.7,3,8.4,1232.01,5,1,2,0
42,2109.55,2253.69,1.29,5.18,0,587.4,2,15.2,120.37,3,1,1,0
59,2333.65,3906.9,1.684,0.97,0,498.5,3,14.4,460.49,4,1,4,1
46,2593.27,1466.53,0.285,6.33,1,546.5,4,9.0,897.44,3,1,2,0
25,6000.0,2268.89,0.367,0.63,0,741.0,1,8.1,2655.08,5,0,4,0
55,3226.94,1708.84,0.858,9.44,0,529.1,5,3.6,91.27,3,1,2,0
47,1600.3,5711.07,3.0,2.08,2,314.1,2,4.2,17.22,2,1,3,1
49,3402.49,3775.35,1.012,6.83,0,455.7,3,3.8,4162.23,1,1,3,0
46,1869.43,3577.41,1.985,1.28,0,427.5,1,3.4,1462.06,0,0,4,0
46,1764.86,3518.98,1.905,2.1,1,736.5,4,5.3,867.79,4,1,1,0
25,3311.26,2449.3,0.577,4.51,0,547.1,4,15.9,872.16,5,1,3,0
46,2230.99,2786.95,1.207,5.73,1,454.2,1,15.0,597.18,3,0,1,1
56,2493.82,1302.7,0.533,9.99,1,745.9,1,15.7,307.79,2,1,4,1
35,2213.89,751.07,0.115,0.26,2,310.6,2,12.4,2517.52,0,1,3,0
48,2559.78,2715.12,0.923,0.0,2,395.8,1,12.4,4018.45,3,1,4,1
23,2663.64,2987.64,1.123,3.5,0,754.8,5,4.9,1416.61,1,0,2,0
37,920.19,4861.69,3.0,3.66,1,602.9,3,13.5,3591.44,3,1,1,1
41,2969.56,5932.97,2.045,8.84,0,725.5,3,7.2,986.77,1,1,3,0
65,1414.18,5928.61,3.0,9.13,0,761.0,5,10.8,156.43,5,1,1,0
31,1149.61,1443.94,1.342,8.81,0,818.1,4,17.3,2773.45,5,1,2,0
34,2142.93,2059.67,0.819,1.43,0,334.9,4,16.1,140.57,1,1,2,0
39,2284.73,3255.92,1.622,4.12,0,739.6,2,6.5,1782.25,1,1,1,0
65,1610.23,8000.0,3.0,7.46,0,689.8,2,14.0,1239.77,5,1,1,0
59,3197.67,5642.6,1.633,3.13,0,413.9,2,4.6,467.42,0,0,3,1
23,1202.59,4627.23,3.0,6.63,0,812.4,2,3.4,911.93,3,1,4,0
32,1831.86,2019.82,1.302,2.37,2,522.3,2,3.4,5000.0,0,1,2,1
58,1690.91,1538.07,0.947,3.23,0,788.2,1,5.6,1555.62,2,1,2,0
24,2154.36,3858.16,1.858,8.6,1,632.8,2,13.4,2958.15,0,1,1,0
59,2494.15,1364.69,0.549,2.51,1,589.7,3,8.4,372.06,0,0,3,0
34,1397.81,2192.74,1.446,9.64,1,387.7,2,3.2,1919.96,2,1,4,0
62,3047.69,2347.06,0.711,3.06,0,802.9,2,17.8,1216.03,0,1,3,0
34,2263.26,6003.8,2.507,0.24,1,606.2,2,11.0,215.0,4,1,2,1
41,939.02,2056.91,2.037,2.55,1,303.4,3,8.9,738.56,3,1,3,1
51,911.28,653.58,0.765,1.71,1,310.1,4,10.8,4689.96,2,1,4,0
27,2187.84,3299.38,1.373,5.07,2,727.7,4,10.8,1155.8,2,1,4,0
46,1991.77,1702.04,0.893,1.13,0,389.1,2,10.1,2441.19,5,1,1,0
44,2099.96,2559.31,1.063,6.26,0,629.3,1,12.2,359.89,5,1,2,0
56,2172.47,2383.58,1.133,8.75,1,674.6,2,16.3,2499.26,0,1,4,0
65,2435.03,2150.61,0.825,3.63,0,453.7,2,7.5,1347.81,4,1,3,0
51,3369.96,3861.2,1.315,1.68,1,613.1,2,10.3,3182.69,2,1,4,0
40,1334.37,1075.96,0.845,4.0,0,432.1,5,3.1,633.61,4,1,4,0
39,1298.32,1881.24,1.597,7.86,0,820.5,2,15.9,972.32,4,1,1,0
40,1345.09,3641.92,2.617,5.91,0,773.1,2,7.6,2955.51,4,1,3,0
57,2505.45,1783.44,0.719,1.01,0,458.4,4,7.1,1836.2,4,1,3,0
36,3852.35,1031.95,0.15,5.37,3,590.8,3,18.0,767.84,1,1,2,1
29,1811.86,3611.04,1.943,4.68,0,575.3,1,11.8,202.96,5,1,3,0
36,800.0,4636.65,3.0,3.27,1,828.0,2,4.8,209.11,4,1,1,0
22,1021.9,2438.89,2.3,1.1,0,516.7,5,7.0,5000.0,1,1,2,1
26,1512.24,850.29,0.416,9.81,2,609.2,1,8.3,940.82,1,1,2,0
25,1711.69,3686.12,1.984,1.76,0,810.8,3,17.8,909.39,3,1,2,0
55,1830.67,1003.36,0.267,1.93,0,389.5,4,9.5,1092.54,2,1,3,0
53,2238.53,2962.79,1.197,1.46,0,602.8,2,6.5,5000.0,4,1,4,0
52,1912.04,1534.47,0.878,5.7,0,358.1,4,11.5,516.63,2,1,4,0
42,3527.75,1320.99,0.183,4.44,3,639.6,2,9.1,1252.39,1,0,3,1
53,1622.96,1960.58,1.044,2.5,3,501.1,2,3.8,305.88,2,1,2,1
29,1492.44,2260.25,1.729,4.29,0,832.2,2,15.9,468.99,4,1,4,0
61,2729.04,1754.14,0.566,6.74,0,528.5,5,3.2,66.06,4,1,4,0
44,1102.32,3455.88,3.0,2.82,0,374.9,2,16.5,470.19,1,1,4,1
63,2621.69,1956.1,0.823,9.15,0,758.7,1,14.9,1031.38,4,1,4,0
28,2303.91,4286.18,1.94,3.06,0,751.5,5,4.1,427.13,0,1,4,0
43,2058.77,2918.11,1.235,1.98,0,682.2,2,13.9,1456.85,5,1,4,0
52,4495.97,1703.41,0.351,9.55,0,711.8,4,14.6,10.02,4,1,3,0
43,1662.74,1552.74,0.74,8.11,1,445.6,3,12.0,653.26,0,1,3,0
41,5559.96,1010.22,0.475,3.43,0,653.1,3,11.7,215.88,4,1,3,0
29,1987.77,2933.49,1.284,8.41,0,320.9,4,3.7,444.18,2,1,2,0
38,1238.37,2057.04,1.535,5.19,0,408.3,4,3.9,4.1,5,1,4,0
32,2270.32,678.13,0.174,3.47,0,812.8,1,13.9,694.94,1,1,3,0
35,1355.47,1861.99,1.194,8.4,0,706.6,5,4.6,1840.86,5,0,3,0
52,1568.57,1523.06,1.133,7.52,0,426.9,5,6.6,714.31,5,1,3,0
49,2630.36,5947.16,2.552,2.98,0,361.3,4,10.5,223.4,1,1,1,0
48,2824.89,979.97,0.29,6.07,1,821.9,3,5.5,2280.42,2,0,4,0
37,1662.77,1131.5,0.522,3.69,1,361.7,3,14.8,1577.77,3,1,3,0
64,3430.79,4603.3,1.073,0.01,2,441.4,3,15.1,1773.65,1,1,4,1
25,3703.71,5272.53,1.394,9.62,0,400.4,1,15.6,84.44,5,1,1,0
37,4198.78,1659.56,0.357,5.5,0,304.1,3,3.7,1460.99,1,0,1,0
27,2791.82,1765.87,0.554,5.98,0,472.8,3,9.4,788.63,1,1,4,0
36,4063.32,3508.61,0.89,6.0,0,835.8,3,15.7,1739.18,3,1,3,0
64,943.74,695.16,0.784,5.51,2,488.0,2,8.4,4194.84,2,1,3,0
38,1906.75,898.2,0.51,2.9,2,577.4,3,13.4,1697.29,0,1,2,1
61,1489.3,2142.32,1.401,9.72,0,710.3,3,11.8,630.09,5,1,3,0
43,2321.26,5863.41,2.394,6.22,0,603.1,3,8.2,179.26,1,1,3,1
52,1701.15,1967.26,1.236,6.71,0,709.0,5,7.1,927.27,0,0,1,0
42,2041.5,2642.71,1.296,4.55,0,663.9,4,12.8,137.27,3,1,3,0
33,5131.7,4664.01,1.015,2.88,3,634.7,1,5.0,1088.63,5,1,3,1
55,2038.23,7965.16,3.0,0.64,0,657.3,1,15.9,314.18,0,1,2,1
64,2650.28,1820.34,0.516,3.5,0,739.5,3,11.6,307.66,2,1,2,0
33,1981.66,2476.96,1.078,1.76,0,690.6,3,4.7,267.81,5,1,4,0
56,2276.25,6810.2,2.901,6.62,0,735.5,4,13.6,2523.78,5,1,3,0
33,2205.96,1082.29,0.364,8.79,0,380.1,2,9.5,2331.25,1,1,2,0
53,2691.78,4399.37,1.725,3.03,1,672.7,1,6.1,1099.56,3,1,3,0
56,3716.74,1427.92,0.426,3.33,0,705.4,2,17.4,1162.41,5,1,1,0
41,4617.18,2644.95,0.705,6.7,0,465.0,4,13.8,5000.0,4,1,2,0
54,2528.9,2187.7,0.913,1.49,0,781.0,5,11.9,2887.29,3,0,3,0
33,2868.4,1476.07,0.54,9.29,0,467.6,4,15.7,3478.22,4,1,2,1
25,1310.71,1455.84,1.255,3.64,0,434.1,3,11.2,1470.26,2,0,1,1
26,2114.7,2910.48,1.433,1.01,0,776.9,4,9.6,1.92,0,1,3,0
41,3358.81,4322.51,1.295,1.75,0,435.9,1,5.8,2046.89,3,1,4,0
61,3248.34,2327.83,0.894,9.33,0,528.5,3,5.3,867.96,3,1,2,0
27,2419.79,2598.29,1.088,2.47,1,502.4,5,9.5,117.02,5,1,4,0
42,3278.33,3422.72,1.008,6.62,1,793.9,2,9.8,790.32,5,1,4,0
52,2743.69,1465.07,0.433,1.56,2,550.4,5,14.0,2428.45,2,1,3,0
30,3775.74,3755.13,1.079,1.94,0,681.9,2,9.6,432.39,5,0,4,0
53,2505.95,3923.29,1.714,8.79,1,736.7,1,11.9,193.76,0,1,2,0
35,1874.6,8000.0,3.0,1.48,0,645.3,3,15.5,194.95,5,1,4,0
57,2558.92,2032.84,0.951,0.19,0,819.0,5,17.9,82.72,0,1,1,0
47,800.0,1943.22,2.193,5.01,0,741.4,2,7.8,3283.82,3,0,2,0
46,2613.67,3816.07,1.453,8.63,0,520.1,4,16.5,2154.01,4,1,3,0
29,800.0,3922.77,3.0,3.26,1,822.9,2,15.1,4378.92,3,1,1,1
42,1012.98,1862.64,1.752,1.28,0,588.5,4,4.0,2240.44,5,1,4,0
59,2695.96,2002.81,1.029,9.82,0,312.4,3,8.0,1671.08,3,1,4,0
22,2727.39,3366.63,1.226,6.77,3,443.0,2,6.3,739.73,0,1,1,1
55,1303.91,1585.85,1.167,8.51,0,642.0,4,13.0,679.81,3,0,4,0
43,1596.82,1994.71,1.252,7.52,2,386.2,4,11.3,1163.19,1,1,1,1
53,4076.35,2626.28,0.404,6.98,1,621.2,3,10.4,2008.79,3,1,1,0
51,1769.41,4323.46,2.352,3.85,1,498.9,2,14.5,354.76,2,1,4,1
41,6000.0,1792.77,0.417,3.24,1,593.9,1,8.0,1522.68,0,1,3,0
35,2198.1,907.54,0.337,7.17,0,301.0,5,8.7,609.68,3,1,4,0
49,2643.42,871.24,0.23,7.17,0,766.6,3,16.0,2692.45,0,1,2,0
28,4554.2,1250.59,0.432,9.51,1,499.1,4,17.6,754.13,1,1,3,0
47,2333.62,1214.16,0.681,5.69,1,377.1,3,14.6,821.38,3,1,1,0
26,1401.3,2296.2,1.701,2.95,0,540.9,4,6.3,1703.9,5,1,3,0
50,2094.01,1300.06,0.566,4.9,0,567.4,2,4.7,1388.35,1,1,4,0
49,2165.03,1698.55,0.756,6.14,0,650.6,3,6.1,1529.73,1,1,3,0
25,1190.44,1633.2,1.275,4.27,0,588.5,3,9.3,180.14,1,1,4,0
55,1960.76,1962.09,0.881,7.91,0,323.9,1,6.6,1243.84,3,0,2,0
40,1575.34,5174.11,3.0,5.85,1,779.3,1,16.5,118.17,1,1,4,0
56,3334.82,3597.94,1.005,0.09,1,551.1,3,13.1,409.31,3,1,3,0
23,2234.53,2522.28,1.005,5.7,0,342.3,4,9.3,535.77,4,0,1,0
29,1937.11,1940.07,0.814,6.34,0,725.1,3,7.1,476.01,0,1,2,0
43,2097.35,1969.96,0.966,9.15,0,663.1,1,8.7,98.98,5,1,2,0
30,2432.36,2993.82,1.259,4.14,0,657.2,5,10.1,710.04,3,1,1,0
36,2903.81,3447.27,1.391,5.74,0,534.8,1,13.7,897.71,3,1,4,0
51,1402.96,1517.56,1.001,4.75,0,525.8,2,4.3,2698.58,3,1,1,0
28,1376.77,2550.67,1.888,5.32,0,595.0,5,15.7,2581.78,5,1,3,0
51,3616.7,817.83,0.264,0.67,0,327.8,4,4.9,3989.16,3,0,4,0
26,1827.42,2808.73,1.507,8.97,0,464.4,5,6.9,4072.42,5,1,2,0
29,1162.86,3801.79,3.0,9.1,0,843.3,4,17.9,1649.78,1,1,3,0
47,2686.32,2143.1,0.891,5.48,0,664.2,3,5.9,5000.0,1,1,3,0
56,2710.07,6789.52,2.545,5.57,0,530.4,2,4.5,520.07,3,1,4,0
29,1104.77,1539.73,1.363,0.58,0,422.3,2,12.6,571.73,0,0,1,0
35,2439.33,2817.59,1.112,5.98,0,709.9,5,8.9,219.62,0,1,2,0
62,3063.23,2451.22,0.636,4.29,0,443.2,4,4.4,58.63,1,1,3,0
65,2603.69,2365.83,0.812,7.09,0,389.3,2,3.1,122.19,1,1,1,0
47,2923.7,2347.65,0.728,0.47,2,385.0,2,4.2,159.33,0,1,4,1
41,1169.45,2651.69,2.133,7.11,0,701.1,2,10.8,5000.0,4,1,3,0
37,2553.4,3985.52,1.614,2.87,0,653.5,2,6.5,1102.07,3,1,1,0
48,1919.91,5333.7,2.922,6.52,0,338.4,4,14.7,437.46,1,1,1,0
48,1770.39,2496.91,1.301,6.27,1,363.3,1,15.9,527.27,1,1,1,0
34,3255.05,3914.61,1.237,2.27,1,648.6,3,5.2,274.69,5,1,3,1
23,4280.76,1699.47,0.273,4.4,0,614.1,5,8.1,848.22,5,1,3,0
28,4932.88,3809.76,0.736,8.36,0,677.3,3,5.2,742.37,0,1,2,0
64,3975.38,1644.1,0.331,6.06,0,397.9,3,7.3,3270.85,3,1,3,0
40,2094.0,4554.67,2.247,0.69,0,699.6,2,6.6,5000.0,1,1,2,0
43,2578.43,8000.0,3.0,4.43,0,814.9,1,14.8,460.94,2,1,2,0
42,3106.6,2337.65,0.874,3.12,0,630.6,2,8.2,2227.16,3,1,1,0
56,2323.3,748.56,0.293,6.42,2,407.9,1,10.4,1315.21,5,0,1,1
24,2333.34,1849.38,0.715,6.15,1,673.7,1,13.1,1597.7,3,1,3,0
25,3187.21,4922.53,1.394,0.1,0,488.7,2,15.3,795.82,5,1,3,1
34,2142.09,3388.82,1.612,6.08,3,327.1,2,7.5,2840.8,4,1,1,1
43,1584.51,2866.79,1.917,7.35,0,466.3,1,6.1,2370.85,4,1,1,0
51,1825.67,4353.84,2.418,7.69,0,798.1,5,17.7,1349.01,4,1,2,0
43,2926.24,3263.3,1.384,0.59,1,526.1,1,7.8,1241.5,4,0,3,0
41,2202.97,4884.37,2.389,3.04,0,775.6,2,13.1,203.15,1,1,3,0
63,2563.96,4145.29,1.58,4.21,0,579.8,4,13.2,405.59,5,1,3,0
29,2974.25,5773.2,1.903,1.8,0,584.3,1,10.7,418.14,5,1,1,0
47,1858.52,3045.39,1.695,4.21,0,302.9,3,6.4,66.47,3,1,2,0
45,3091.85,4113.13,1.23,0.71,0,650.4,4,5.1,693.11,4,1,4,0
42,2608.92,2111.44,0.949,1.13,0,359.3,3,10.3,1282.5,5,0,3,0
57,1262.12,1795.87,1.466,6.69,0,563.3,2,10.7,2353.43,0,1,4,0
33,4210.13,6391.78,1.549,2.63,0,443.2,4,14.6,23.05,0,1,3,1
63,1756.15,2815.68,1.686,7.11,0,515.8,3,13.6,1094.38,5,0,4,0
36,1044.63,3892.2,3.0,0.48,1,595.4,2,16.7,3930.23,3,1,3,0
45,1374.63,2676.07,1.967,5.63,0,308.0,1,17.6,549.48,4,1,3,1
44,1389.56,1810.69,1.29,3.91,0,456.5,1,13.9,154.26,3,0,3,0
59,2252.26,2515.15,1.298,7.97,1,844.3,4,4.1,2169.81,3,1,2,0
41,1944.93,5507.37,2.948,7.84,1,331.6,2,9.1,775.99,0,1,2,1
34,1890.58,3392.86,1.756,3.76,0,475.7,1,12.1,1525.58,1,1,1,0
22,2907.59,975.29,0.336,6.23,1,476.8,3,11.9,554.6,0,0,2,0
38,2563.57,2220.89,0.89,2.28,1,508.7,5,5.7,1145.33,2,1,1,0
58,2536.23,6662.88,2.67,5.8,0,676.6,1,11.7,4403.19,0,1,2,0
22,2645.55,2222.66,0.677,0.81,1,436.3,1,8.2,597.81,4,1,4,0
61,2902.92,928.7,0.135,4.35,1,553.1,3,8.1,2055.62,1,0,2,0
45,852.04,7081.37,3.0,1.83,0,654.7,3,15.5,1426.42,4,1,3,1
28,1867.24,3638.63,1.833,8.83,0,477.3,3,9.3,2470.81,0,1,2,0
35,824.78,2405.56,2.839,4.45,1,821.8,4,10.9,2380.81,0,0,4,0
46,2235.99,2038.09,0.988,5.91,3,838.8,1,11.4,1300.35,2,1,1,1
35,2195.42,4533.91,2.045,3.6,0,365.8,2,11.4,3918.74,4,1,4,0
26,3521.71,1855.58,0.55,2.89,1,489.1,2,6.2,60.59,4,1,3,0
51,3754.27,4701.27,1.105,2.03,1,414.4,2,12.0,115.86,3,1,4,0
51,2410.19,3368.6,1.342,9.12,1,402.7,3,8.0,145.16,3,1,1,0
27,1756.45,2860.13,1.699,7.99,2,570.0,4,12.8,1298.62,4,1,4,1
34,2736.77,2708.31,1.061,1.33,0,610.1,2,5.2,196.11,4,1,4,0
32,1734.8,2270.63,1.222,7.47,0,534.1,4,17.9,1097.49,4,1,2,0
51,2198.62,4443.28,2.04,4.19,0,449.9,1,14.6,1382.97,0,1,3,0
54,3428.83,1553.25,0.717,0.15,0,453.2,3,9.3,1260.15,2,1,3,0
53,1711.65,1024.53,0.596,5.28,0,845.7,2,7.5,736.92,5,0,1,0
63,3161.39,3505.15,1.026,1.3,1,808.0,3,8.8,1152.41,2,1,3,0
55,2984.07,3537.68,1.165,2.1,2,341.7,1,13.8,1689.87,0,1,3,1
36,1431.61,3255.75,2.285,6.96,0,661.1,5,12.8,2987.57,3,1,1,0
26,3409.99,3128.46,0.899,2.57,1,551.3,5,13.5,214.49,1,1,2,1
49,3012.63,2095.92,0.692,8.92,0,678.8,4,16.3,2596.14,3,1,3,0
62,2303.26,3855.14,1.501,6.57,0,628.3,4,9.8,1186.7,3,1,4,0
64,1561.13,2438.14,1.446,8.32,0,789.1,1,13.0,148.4,4,0,1,0
32,1494.53,1912.44,1.262,6.15,0,336.8,3,9.6,796.26,5,1,4,0
32,1727.21,2105.92,1.199,8.69,0,492.3,2,12.6,898.12,4,1,4,0
23,2808.43,7596.16,2.637,3.62,1,842.0,4,10.1,1079.83,5,1,4,1
28,1431.08,962.76,0.652,5.49,0,400.3,2,14.6,1123.89,0,1,1,0
46,2678.72,3290.94,1.236,5.16,0,370.0,2,3.1,3867.82,4,1,3,0
46,1258.18,992.81,0.896,9.04,0,700.9,3,6.2,1034.93,2,1,2,0
38,2006.97,2355.52,1.162,1.65,0,727.6,1,7.4,1233.87,4,1,4,0
35,2311.27,1969.53,0.9,5.78,3,669.8,4,17.2,228.42,0,1,3,1
58,6000.0,794.16,0.067,7.54,2,726.9,2,10.6,971.54,3,1,3,0
42,1183.72,3096.47,2.685,3.7,0,681.5,3,8.5,2996.96,0,1,1,0
57,4266.8,2028.45,0.52,8.68,0,374.7,4,9.1,1182.27,3,1,4,0
64,2353.46,787.99,0.439,3.73,0,634.5,3,9.8,594.45,1,1,2,0
35,2647.15,3967.17,1.584,1.73,0,727.3,2,16.0,282.98,0,1,1,0
30,2320.34,5504.38,2.443,5.84,0,776.0,1,17.4,521.66,0,1,4,0
63,2687.43,5673.8,2.099,4.21,0,435.4,1,15.7,560.8,1,1,4,0
49,2052.99,3045.66,1.513,0.15,0,370.1,1,15.6,187.64,5,0,2,0
34,4232.45,2564.14,0.733,0.7,0,729.6,3,6.0,5000.0,5,1,3,0
49,1791.49,5190.22,2.819,1.95,0,441.1,2,7.0,633.55,0,1,3,0
44,3661.83,6306.63,1.647,7.69,0,317.6,2,11.9,341.47,5,0,2,0
61,1646.24,4663.44,2.855,8.92,0,753.9,2,12.8,600.3,3,1,3,0
33,2141.15,1489.51,0.745,5.46,0,578.3,5,6.0,311.73,1,1,4,0
65,1358.08,2792.76,1.958,1.06,0,479.6,1,14.2,2419.19,5,1,4,0
63,2699.91,3183.64,1.17,5.34,0,306.3,2,6.0,715.32,1,1,3,0
29,4215.48,924.04,0.208,8.56,0,319.4,3,6.9,5.32,1,1,2,0
29,2124.73,3236.33,1.257,7.49,1,735.9,1,7.6,836.5,1,1,4,0
45,2013.47,8000.0,3.0,2.91,2,569.3,5,15.7,1678.28,0,1,4,1
23,1332.26,3554.65,2.649,1.24,0,382.3,1,14.0,0.31,2,1,1,0
35,1984.32,5621.89,2.814,9.01,1,497.2,3,11.0,691.68,0,0,2,0
41,1074.33,2764.59,2.743,8.54,1,390.9,3,15.3,1612.25,1,1,3,1
64,1458.87,2401.32,1.5,0.54,0,362.1,4,15.2,200.93,2,0,3,0
65,2436.37,3083.27,1.167,8.24,0,452.0,3,8.8,433.79,3,1,3,0
28,3982.91,1596.14,0.087,0.97,0,602.2,4,14.7,1365.48,5,1,3,0
61,6000.0,1471.4,0.188,0.63,0,415.5,3,6.1,5000.0,0,0,1,0
26,1689.6,5016.63,2.922,7.59,3,489.0,3,10.5,544.54,3,1,1,1
54,4196.88,5317.9,1.206,5.36,0,562.9,4,4.8,3371.18,0,1,4,0
59,2455.05,1449.45,0.723,4.15,0,531.0,3,9.4,3052.8,5,1,3,0
61,2055.25,4257.53,2.175,9.04,0,370.7,3,10.8,840.75,1,1,3,0
31,2672.8,2383.24,0.901,8.39,0,321.4,2,4.2,845.96,5,1,2,0
61,2262.16,3013.75,1.288,0.58,0,319.5,2,9.9,148.34,4,0,2,1
27,2312.05,3220.1,1.516,6.16,0,492.6,2,12.8,264.32,1,1,2,0
44,1830.72,4319.69,2.357,7.72,0,695.3,1,12.2,100.29,1,1,3,1
42,1172.7,2616.36,2.133,5.5,1,372.2,3,3.8,5000.0,1,1,3,0
35,1098.37,5429.68,3.0,9.83,0,732.8,1,4.4,2023.1,2,1,1,0
22,2951.81,2963.79,0.951,6.86,0,693.6,3,8.3,641.76,2,1,2,0
55,1942.43,3523.98,1.905,1.04,1,302.2,4,15.6,644.72,3,1,4,1
36,1682.39,1580.9,1.213,1.98,0,314.7,3,16.0,1574.87,2,1,3,0
51,2208.44,8000.0,3.0,8.26,0,407.3,3,7.6,4742.41,4,1,4,0
40,3146.14,3237.15,0.937,9.97,1,330.9,1,13.8,1240.39,2,1,3,1
38,2386.01,3700.39,1.409,0.98,0,592.2,1,11.7,532.54,1,1,2,0
60,1637.6,1032.3,0.697,1.0,0,321.8,3,17.8,1858.53,1,1,4,0
26,3820.15,1590.11,0.204,7.63,0,741.5,4,4.4,579.22,4,1,3,0
54,4477.62,4938.82,1.169,0.64,0,571.1,4,11.2,4618.09,0,1,1,0
54,2748.37,2927.3,1.163,0.69,0,700.4,3,11.9,718.93,1,1,2,0
38,3409.64,872.59,0.308,8.89,0,712.9,4,7.6,206.5,1,1,3,0
33,3847.18,4425.35,1.124,8.0,0,578.7,4,3.7,1035.12,3,1,2,0
22,3658.31,1853.75,0.575,8.82,0,808.9,4,3.8,1629.05,0,1,2,0
63,2900.26,5433.13,1.894,6.51,0,844.6,4,9.8,1044.22,2,0,4,0
63,2879.78,2382.1,0.734,3.23,0,497.6,1,13.4,773.04,4,0,2,0
32,2779.59,2797.93,1.229,9.06,0,369.2,1,13.5,846.22,5,1,2,0
23,1342.66,4781.32,3.0,2.99,3,499.8,2,5.7,1006.98,2,0,1,1
27,3015.55,1526.03,0.599,2.76,0,422.8,3,15.9,1905.47,5,1,2,1
24,1195.23,1448.06,0.921,8.86,0,592.1,4,8.7,53.74,3,1,4,0
58,1538.62,2243.9,1.612,6.81,0,508.1,2,17.5,1928.49,4,1,2,0
61,3955.32,3940.22,1.172,8.96,0,564.2,2,4.8,267.3,1,1,2,0
28,3210.92,1202.39,0.378,1.56,0,719.8,4,15.5,106.4,5,1,3,0
54,4296.44,998.87,0.3,9.52,1,450.7,2,16.6,119.52,1,0,4,1
29,1946.83,3932.74,2.087,6.13,0,595.6,4,15.3,1212.77,0,1,4,0
38,1309.89,1794.37,1.293,6.68,0,484.3,2,15.1,3785.98,0,1,2,0
48,1974.39,2014.89,1.086,9.14,0,731.7,2,8.4,143.22,3,1,1,0
53,2303.37,900.37,0.294,3.81,1,651.7,3,13.7,1354.12,3,1,3,0
60,2279.61,1720.91,0.682,7.2,0,304.7,2,11.7,4290.24,1,1,2,0
23,3664.21,2489.62,0.815,6.4,0,663.0,1,9.4,2599.37,5,1,2,0
30,1869.9,4170.34,2.347,7.88,1,393.6,2,17.9,527.32,1,1,1,1
34,2577.64,1635.77,0.55,8.97,1,698.5,2,7.4,2410.92,3,1,4,0
35,1409.98,6220.48,3.0,6.8,0,612.0,2,9.2,337.73,3,1,1,1
65,2694.2,1715.64,0.559,0.68,3,520.8,4,16.5,4369.92,3,1,2,1
56,2203.08,1717.02,0.867,1.83,1,681.7,1,7.3,16.86,4,1,2,0
36,1569.95,5823.13,3.0,9.54,0,771.1,2,5.3,996.06,5,1,1,0
64,1978.49,2808.34,1.462,9.69,1,728.3,1,7.6,348.45,4,1,4,0
43,2025.02,1845.37,1.001,9.67,0,600.0,5,14.4,1240.9,5,1,3,0
44,1948.16,2295.54,1.168,0.37,0,697.5,4,15.9,30.4,5,1,3,0
41,4882.03,5261.84,1.199,3.82,0,527.7,5,4.7,602.59,2,1,1,0
28,2104.67,5599.64,2.624,7.6,1,734.0,5,12.3,1798.55,3,1,1,0
63,1971.32,1595.29,0.784,7.53,0,756.0,2,11.5,97.84,1,1,1,0
22,856.08,2442.33,2.736,0.86,0,375.5,3,13.0,5000.0,5,1,3,1
29,1471.18,2627.09,1.908,6.09,0,430.9,2,13.1,1178.11,5,0,3,0
32,1954.38,1453.33,0.652,1.43,0,448.5,4,17.4,103.01,5,1,4,0
34,1615.79,2424.59,1.543,4.93,2,391.3,3,8.2,460.84,4,0,4,1
27,4096.88,2507.33,0.603,2.4,1,515.9,2,7.5,2277.56,5,1,2,0
22,2042.62,4680.5,2.165,0.53,0,406.2,5,11.7,139.93,4,0,1,1
51,3928.5,4856.77,1.163,0.8,1,627.5,4,9.4,1949.05,1,1,1,1
64,2261.94,2085.95,1.088,9.11,1,355.9,5,10.1,1527.12,1,1,4,0
27,2237.17,2222.46,1.018,7.45,0,448.5,1,4.0,241.65,3,1,4,0
35,2113.82,3602.58,1.583,9.32,0,666.0,2,5.2,2920.73,2,1,3,0
44,2203.76,1812.01,0.859,4.7,0,519.2,2,17.0,2893.74,4,1,1,0
62,4767.94,3455.76,0.707,4.13,0,531.8,3,4.0,443.38,4,1,4,0
52,800.0,2382.0,3.0,3.58,0,738.9,3,11.9,1380.0,5,1,4,1
55,893.83,1466.86,1.675,6.16,0,841.5,2,14.3,1501.59,4,0,1,0
47,1722.94,1477.03,0.812,3.52,2,610.8,4,3.2,733.18,0,1,4,1
40,2214.43,5540.99,2.673,7.46,0,343.5,2,6.3,153.54,2,1,3,0
30,3001.18,2293.91,0.543,8.01,1,356.6,3,8.7,1250.41,1,1,4,0
60,2721.94,6162.52,2.275,8.76,2,832.7,4,10.6,982.15,3,1,3,0
57,1850.67,1884.74,1.258,2.43,0,673.6,3,8.1,994.64,2,0,1,0
23,3479.98,2934.26,0.829,5.27,0,713.9,2,12.7,423.21,5,1,3,0
53,3497.49,8000.0,2.079,2.23,1,671.7,2,6.4,3.96,1,1,1,1
25,2389.98,1397.56,0.537,0.38,1,398.8,1,3.4,2406.28,2,1,2,0
54,3392.79,880.29,0.434,7.08,0,546.6,4,3.0,2723.74,4,1,4,0
58,2487.18,5072.91,2.085,5.49,0,738.9,3,8.2,1868.3,2,1,4,0
27,1708.8,1586.52,0.828,7.24,0,776.5,1,8.4,1038.85,0,1,2,0
41,3011.61,2471.69,0.738,0.88,1,430.5,5,17.2,1030.96,1,1,2,0
27,2312.28,1811.28,0.716,9.96,1,627.8,3,3.7,726.81,2,1,2,0
46,2201.33,2897.3,1.36,9.94,0,386.4,4,11.0,183.69,3,1,1,0
62,4268.6,1482.15,0.508,4.65,0,827.1,3,11.7,4258.22,4,1,3,0
25,800.0,2264.43,2.957,8.66,0,438.7,5,13.5,371.09,3,1,2,1
39,1162.41,3201.72,2.809,2.44,2,699.6,2,12.6,88.09,2,1,1,1
64,1289.53,1435.8,0.954,7.38,2,427.1,2,3.1,394.69,3,1,3,1
35,1868.23,1701.05,0.751,8.79,1,638.8,4,12.5,605.82,0,1,3,0
27,1961.84,2065.21,1.117,8.15,0,662.6,4,7.8,722.41,1,1,3,0
43,1116.46,1139.33,0.859,8.12,0,480.6,3,14.6,864.44,3,1,4,0
44,1412.18,1981.56,1.376,4.63,0,750.4,1,5.8,2293.3,5,1,3,0
51,1493.43,2668.8,1.824,8.2,0,787.0,2,13.7,5000.0,3,1,3,0
35,6000.0,2006.79,0.198,6.91,0,770.3,4,12.4,1633.68,0,1,1,0
64,4949.28,2153.37,0.312,1.32,1,481.9,4,12.8,4810.89,5,1,2,0
44,1827.9,2472.78,1.342,1.14,0,709.4,2,5.6,364.09,1,1,2,0
34,1867.96,1743.04,0.994,7.72,0,607.7,1,13.0,1661.2,4,1,4,0
64,1311.69,3656.02,2.915,6.25,3,625.9,3,14.1,309.67,5,1,2,1
62,932.21,5507.32,3.0,5.19,0,562.6,4,10.3,1693.67,5,1,3,0
43,2087.28,1936.5,0.937,9.07,0,630.1,3,8.1,200.96,0,1,3,0
23,1404.14,3264.64,2.235,6.6,2,374.6,3,5.5,309.51,1,1,1,1
48,2117.58,2191.31,0.906,3.96,0,524.9,5,7.3,283.57,3,1,4,0
46,1070.76,3056.62,2.793,4.14,0,397.7,2,14.5,863.27,4,1,3,0
28,1561.38,5914.87,3.0,6.05,0,454.1,3,9.1,1963.91,5,1,1,0
49,2352.17,3307.04,1.446,7.6,1,370.3,3,13.5,20.86,3,1,1,0
58,2594.13,942.62,0.111,5.64,0,416.9,3,14.1,3138.11,0,1,4,0
26,2654.67,3209.09,1.115,5.09,0,730.1,4,13.1,195.34,4,1,2,0
53,1214.38,4925.2,3.0,7.27,0,602.4,3,13.1,1521.3,4,1,1,0
28,3231.89,2213.14,0.694,7.05,0,313.0,3,12.2,562.49,2,1,3,0
54,1534.74,4322.74,2.647,8.3,1,733.7,1,10.8,106.05,3,1,1,1
40,2924.85,1710.4,0.867,0.63,0,800.2,4,6.0,457.61,1,1,1,0
22,2189.49,1104.34,0.501,7.55,0,784.2,1,15.6,205.88,4,1,4,0
64,1184.22,2701.84,2.328,5.14,0,752.7,1,17.5,435.46,0,1,1,0
29,1908.22,951.45,0.547,0.75,0,845.7,3,10.0,8.49,5,1,4,0
48,2593.14,2191.13,0.801,6.79,0,622.5,3,17.0,2131.19,5,0,3,0
29,2898.79,5073.62,1.663,7.17,0,829.4,5,18.0,2162.65,4,1,2,0
63,2064.76,874.52,0.678,5.24,0,821.9,4,10.3,3130.26,4,1,2,0
54,4383.11,1236.85,0.403,7.94,0,472.3,4,13.9,2151.68,5,1,2,0
57,3461.97,1417.19,0.508,3.0,1,774.9,2,12.7,5000.0,0,0,3,0
41,1960.04,2414.43,1.301,2.02,3,735.9,3,6.6,81.33,3,1,4,1
42,3083.34,2044.49,0.543,3.51,0,726.7,5,3.7,74.18,3,1,2,0
49,5252.29,5396.85,1.181,4.1,0,793.0,3,9.8,178.84,5,1,3,0
56,5315.76,4225.69,0.694,6.96,0,511.3,4,14.8,667.09,4,1,3,0
59,1265.99,3282.78,2.627,8.46,0,520.0,3,7.9,1560.62,3,1,1,0
22,1449.93,2708.48,1.671,7.21,0,652.0,2,14.8,113.02,3,1,4,0
51,4291.65,3103.61,0.478,1.74,2,705.8,3,12.8,1111.3,0,1,4,0
26,1366.47,1556.13,1.177,3.66,1,783.9,2,13.4,2547.98,1,1,1,0
34,1213.26,4005.85,3.0,1.58,0,781.7,1,7.3,3694.15,2,1,2,0
58,1767.68,1356.17,0.529,6.87,2,696.7,2,10.1,456.02,5,1,4,1
33,2657.96,3958.04,1.554,2.48,0,826.3,2,5.7,2647.42,5,1,4,0
57,2100.93,4800.26,2.539,5.25,0,398.2,2,6.7,886.25,3,1,1,1
42,1641.65,2807.42,1.877,7.92,0,822.7,4,4.3,165.29,0,0,4,0
32,1624.28,2269.08,1.366,6.71,0,335.3,2,4.9,183.54,4,1,2,0
36,1596.65,3115.72,1.952,2.98,1,605.6,4,6.2,528.3,2,0,2,1
45,1480.94,518.12,0.456,3.33,0,349.6,3,11.7,642.85,3,1,2,0
55,6000.0,2952.15,0.627,6.53,0,612.4,1,9.6,282.92,2,1,3,0
48,2515.16,2348.9,0.893,5.49,0,514.6,2,7.0,1074.59,4,1,1,0
63,3278.87,2431.35,0.746,0.96,2,344.9,5,15.9,1262.45,1,1,3,0
60,1765.39,3687.26,2.125,8.74,0,656.5,3,10.9,2318.25,0,1,1,0
55,2023.4,2399.28,1.252,5.13,0,702.2,5,16.8,274.64,1,1,1,0
48,1595.77,1335.33,0.821,4.73,0,395.8,2,12.5,1905.14,5,1,4,0
34,800.0,2312.94,2.877,1.98,2,681.9,4,3.2,961.12,0,1,2,1
40,1183.35,2594.64,2.358,3.77,0,398.5,4,16.7,1496.95,1,1,4,1
27,974.02,2663.14,2.879,3.33,0,375.6,5,15.9,1181.4,2,1,3,1
38,800.0,2732.85,3.0,2.71,1,381.0,1,12.5,1386.78,5,1,4,1
62,1284.73,4427.98,3.0,5.67,0,629.5,5,11.0,1322.08,2,1,1,0
40,3993.58,1375.71,0.298,4.62,0,728.3,2,9.8,4304.44,5,1,4,0
27,2156.45,2753.65,1.472,8.89,0,628.3,4,10.2,685.01,5,1,4,0
50,3932.25,5082.24,1.358,9.41,0,745.1,3,14.5,208.92,3,1,2,0
64,2646.93,962.96,0.756,2.19,0,625.3,3,10.7,178.56,2,1,1,0
60,3128.67,2759.63,0.739,1.0,0,738.5,2,5.6,1003.4,3,1,1,0
34,1466.76,1811.82,1.153,7.85,0,837.1,4,3.9,456.46,4,1,3,0
41,2784.96,2038.88,0.782,9.95,0,515.0,2,4.9,544.2,0,1,1,0
45,3053.78,1519.9,0.545,8.64,0,382.5,3,6.8,46.73,4,1,1,0
32,1697.18,2277.41,1.576,0.24,2,374.5,3,8.5,884.25,2,1,3,1
33,2829.93,6882.5,2.352,2.51,0,628.6,4,16.4,2322.65,5,1,3,0
32,2838.4,1247.14,0.548,0.43,0,600.9,3,6.6,649.48,3,1,4,0
65,1718.0,1313.91,0.904,8.21,0,401.3,3,7.8,504.65,5,1,4,1
54,1327.39,1221.68,1.005,5.81,1,785.2,3,6.3,436.82,0,0,2,0
58,1291.24,6464.79,3.0,5.14,0,826.2,3,11.2,657.23,0,1,2,0
57,2287.33,1938.67,1.017,5.54,0,439.3,3,12.3,4609.05,0,0,1,0
64,2548.77,2464.99,1.115,2.52,0,413.8,4,11.0,555.15,5,1,1,0
26,1540.06,2003.23,1.373,6.02,0,417.7,4,17.3,8.72,5,1,2,0
60,2226.48,1487.14,0.692,0.31,1,513.1,3,17.9,1998.05,5,1,4,1
24,2843.96,2196.7,0.8,6.46,1,769.3,2,15.6,16.72,1,1,4,0
42,2905.61,8000.0,2.744,7.34,1,627.8,3,15.1,1597.33,1,0,4,1
48,4422.93,5375.92,1.292,6.73,0,337.2,1,8.5,1528.49,2,1,2,0
37,3908.29,1563.89,0.404,3.32,0,560.1,2,11.7,2938.35,4,1,3,0
28,1401.97,3569.61,2.444,8.26,0,349.7,4,8.3,194.59,1,1,3,1
30,4693.0,1582.42,0.211,7.16,1,523.4,3,14.8,715.45,3,1,1,0
58,1732.42,941.09,0.453,1.28,2,521.9,3,5.6,4391.05,3,1,2,0
36,3520.67,4379.88,1.271,1.95,2,656.6,5,6.3,643.59,2,1,3,1
35,2268.35,4731.97,2.083,6.37,0,602.2,2,3.6,250.09,2,1,2,0
62,1827.58,4444.29,2.458,2.89,1,781.1,1,12.1,3417.97,3,1,2,1
28,975.3,1930.67,2.04,1.19,0,309.0,1,13.3,593.32,4,1,2,0
62,2036.54,2280.89,1.045,1.55,1,725.7,2,3.1,59.1,1,1,1,1
62,1090.61,3775.99,3.0,1.66,0,312.5,4,10.7,1012.92,3,1,4,1
48,3399.89,3100.66,0.88,4.78,0,467.4,4,8.7,1492.75,0,1,4,0
29,4353.65,2013.33,0.41,6.07,0,783.8,3,14.9,397.28,0,1,4,0
28,1537.02,1026.14,0.725,1.76,2,679.7,2,3.6,801.32,3,1,4,1
34,2520.21,2661.59,0.836,7.12,0,394.6,3,3.7,1377.32,2,1,2,0
47,1587.29,4525.58,2.756,2.81,0,569.9,1,12.3,1433.7,1,1,1,0
28,1658.05,1293.84,0.898,3.12,0,697.0,3,11.9,1163.86,0,1,2,0
42,3117.34,3552.35,0.931,2.23,0,815.5,3,15.5,88.83,5,1,4,0
27,2162.18,3000.08,1.522,7.85,2,648.9,1,11.9,262.29,4,0,1,0
45,4812.9,3776.78,0.966,9.6,0,313.6,4,17.2,2415.26,5,1,3,0
22,1770.84,4038.52,2.236,4.92,0,574.8,4,7.7,1342.94,0,1,1,0
53,3449.26,1706.31,0.53,0.42,1,384.1,2,9.0,1160.75,0,0,2,0
24,2298.58,1027.33,0.581,2.61,0,326.3,3,17.7,3066.77,1,1,1,0
30,3147.34,1864.24,0.536,1.58,0,629.2,3,4.6,808.89,0,1,1,0
29,1799.01,4076.79,2.37,8.43,0,727.3,1,14.9,908.67,2,1,1,1
58,2151.48,1855.56,0.782,0.85,0,319.8,2,3.2,319.53,3,1,3,0
24,2088.58,1706.71,0.76,9.66,0,731.0,3,10.3,831.6,1,0,3,0
40,1510.18,918.1,0.512,5.89,0,688.5,5,5.3,855.03,2,1,2,0
48,2963.57,6555.12,2.253,5.18,0,713.6,3,12.0,121.42,3,0,4,0
44,2947.83,3937.06,1.475,8.47,1,434.6,3,15.0,1117.52,1,1,2,0
51,2873.58,3818.03,1.307,0.28,1,516.5,3,3.5,290.24,2,1,3,0
57,4393.35,4256.89,0.816,7.77,1,365.9,3,5.5,2466.92,3,1,3,0
39,4223.49,3433.16,0.683,1.17,0,431.4,1,8.1,584.35,5,0,3,0
58,1858.43,2185.64,1.223,8.41,0,466.5,2,6.8,946.78,1,0,4,0
35,2602.13,2284.67,1.099,5.29,3,475.7,5,8.7,1196.97,0,1,4,1
65,1661.69,1976.11,1.236,0.61,1,396.3,4,17.3,136.38,5,1,3,1
44,2223.24,8000.0,3.0,8.33,0,403.8,5,4.5,1860.61,3,1,4,1
54,1679.62,3394.11,2.113,0.27,0,795.8,2,9.3,2516.61,2,1,3,0
60,4560.76,1937.12,0.396,1.38,0,731.1,3,9.9,500.42,4,1,2,0
56,2591.2,3229.46,1.201,7.98,0,489.5,3,7.2,1050.52,5,0,4,0
59,1994.4,1433.78,0.604,4.65,0,821.2,2,7.2,848.68,0,1,1,0
45,3764.39,5718.86,1.688,8.81,0,431.4,2,13.7,604.09,5,1,2,0
23,828.35,1737.94,1.793,6.35,2,523.8,4,12.3,937.76,3,0,1,0
43,888.79,3293.29,3.0,6.24,0,747.4,3,15.2,1737.58,3,1,4,0
29,3147.43,4493.26,1.372,2.92,0,543.6,3,9.1,549.49,5,1,4,0
61,2260.69,3089.2,1.317,1.34,0,429.0,2,12.1,509.14,1,1,4,1
32,2462.45,2633.33,1.272,9.61,1,502.7,3,16.4,2875.19,4,1,1,1
32,1211.16,2514.9,1.991,1.05,1,575.4,1,15.8,130.43,3,1,2,1
32,2177.12,2423.59,1.032,5.29,0,641.4,1,16.8,993.14,5,1,2,0
50,5419.68,1820.49,0.32,2.73,0,523.1,3,7.0,1340.45,2,1,1,0
47,3187.85,1952.43,0.662,2.64,0,537.2,2,17.8,2512.59,4,1,3,0
63,2374.59,5641.02,2.323,5.95,1,445.2,5,15.2,2807.94,2,1,1,1
40,1805.58,2355.13,1.115,7.98,0,594.4,3,14.9,322.44,2,1,3,0
34,1842.09,1622.72,0.777,7.77,1,420.7,1,13.0,2834.1,2,1,3,0
24,843.93,1881.98,2.384,8.69,0,777.1,1,17.7,2300.82,5,1,3,0
22,2470.44,4579.06,1.863,2.93,0,711.1,4,9.6,165.79,5,1,4,0
38,3218.53,3625.07,1.18,4.66,0,525.7,2,14.1,1637.31,1,0,4,0
62,1082.67,3402.37,3.0,0.09,0,711.0,2,13.5,545.46,5,1,2,0
45,1633.65,2169.84,1.249,7.47,0,303.8,3,14.0,1167.82,3,1,3,0
61,1306.82,3426.85,2.824,3.02,0,489.5,2,14.3,1002.16,0,1,4,1
26,1424.83,1754.76,1.209,5.61,1,542.2,3,5.9,2571.15,4,0,4,1
26,2253.59,2167.35,0.909,1.69,0,558.4,3,8.2,482.59,0,0,3,0
58,861.12,4261.76,3.0,8.19,3,711.8,1,8.9,830.63,5,1,1,1
26,2900.49,4043.63,1.307,8.17,0,829.5,4,14.2,468.56,2,1,2,0
24,3088.52,1456.8,0.4,8.77,0,509.0,3,13.7,4837.97,5,1,4,0
39,1964.94,1561.66,0.796,0.46,2,492.8,3,15.5,29.91,2,1,1,1
62,800.0,2654.02,3.0,9.92,1,635.8,1,14.8,1645.97,0,1,3,1
52,1405.04,6460.22,3.0,2.48,0,454.7,3,11.9,5000.0,4,1,3,1
26,3831.53,871.73,0.479,3.09,1,377.7,2,5.1,1156.13,4,1,1,0
58,800.0,2913.55,3.0,2.49,0,828.8,3,12.5,1712.6,1,0,2,0
59,1881.5,1172.89,0.338,2.68,0,745.2,2,16.3,3483.69,1,1,4,0
57,1293.64,1763.69,1.403,5.53,0,827.2,5,12.6,441.07,5,1,3,0
61,3159.82,2045.94,0.652,2.4,0,419.8,2,16.4,139.15,4,1,4,0
32,1623.62,1983.79,1.227,3.94,0,309.8,5,18.0,323.72,1,1,2,1
65,2638.57,1863.96,0.736,6.56,0,540.5,5,8.4,1072.54,4,1,4,0
36,2837.47,2509.93,0.881,8.36,2,813.5,3,13.8,983.91,1,1,3,0
57,5026.68,1862.46,0.364,6.93,1,376.1,2,11.1,1849.59,1,1,4,1
47,2007.99,1118.44,0.631,5.94,1,364.5,2,9.8,492.21,3,1,2,0
56,2605.64,3839.03,1.408,1.48,1,337.9,5,6.6,2370.75,4,1,2,0
49,1127.7,3782.44,3.0,8.16,0,720.8,3,6.7,230.63,5,1,1,0
50,3758.96,3975.05,1.42,0.37,0,732.3,3,5.8,387.53,2,1,1,0
49,1562.41,1071.31,0.6,2.64,0,682.5,1,12.5,737.77,0,1,1,0
56,1709.36,2946.73,1.736,0.57,0,329.3,4,5.1,1440.31,3,1,1,0
54,2178.08,3625.82,1.485,6.67,0,697.8,1,9.5,254.72,4,1,2,0
27,1088.89,1417.83,1.316,3.68,0,546.7,1,10.8,3302.47,5,1,4,0
58,2438.55,2512.65,0.918,6.52,0,386.8,2,9.6,1659.97,0,1,2,0
45,3400.14,2345.14,0.637,3.47,0,462.3,3,15.8,1030.03,3,1,4,0
36,2509.99,6885.88,2.869,4.56,0,575.6,4,9.6,900.14,3,1,4,1
44,1076.22,7204.92,3.0,4.58,0,481.3,4,4.2,364.33,3,1,4,1
64,2080.78,1000.9,0.549,0.46,0,833.4,2,17.9,250.13,0,1,3,0
59,3072.13,8000.0,2.392,4.3,2,561.1,2,15.7,1384.47,0,1,4,1
58,944.94,1511.22,1.82,6.41,0,504.7,4,12.9,366.11,3,1,2,0
42,1356.37,4287.32,3.0,5.46,1,670.2,3,14.3,428.82,1,1,3,0
56,3263.83,4263.39,1.49,0.75,1,657.8,2,4.9,3689.64,3,0,4,0
38,2484.32,1445.8,0.705,6.68,0,301.3,2,14.5,514.09,0,1,1,0
52,2648.11,3279.16,1.308,3.09,0,640.2,3,6.1,189.16,4,1,1,0
50,5079.59,2356.43,0.361,0.14,0,434.1,5,10.3,210.84,1,1,1,0
32,2716.4,3391.16,1.267,1.56,0,506.4,3,5.7,728.66,2,1,3,0
33,2957.98,2838.17,0.903,4.98,0,688.5,1,14.3,882.65,2,1,2,0
24,6000.0,4827.25,0.808,3.1,2,606.6,4,6.7,292.38,2,1,2,0
28,1998.2,2605.85,1.274,6.94,2,502.8,2,6.8,2568.68,3,1,4,1
41,1536.35,2279.51,1.239,2.41,0,392.1,4,4.6,1320.25,3,1,1,0
43,2667.03,4568.23,1.847,7.73,0,578.0,2,13.8,707.01,4,0,1,0
29,2680.5,3440.13,1.274,2.86,0,475.7,2,7.4,1141.2,5,1,2,0
40,1735.74,3738.89,2.096,6.21,1,802.1,3,10.8,287.49,1,1,4,0
48,1382.48,1734.58,1.187,7.99,0,593.9,2,8.0,2002.14,5,1,3,0
32,6000.0,1406.91,0.278,3.86,0,776.3,2,14.6,638.15,3,1,3,0
36,2548.58,1829.5,0.611,0.47,1,514.6,3,6.4,995.21,1,1,3,0
38,1582.38,1776.84,0.852,5.35,0,755.1,4,17.1,1739.41,5,1,2,1
44,3322.2,3852.42,1.208,9.95,0,331.1,4,7.8,309.9,4,0,2,0
38,2094.56,4276.27,2.104,9.69,0,464.0,2,4.6,30.65,1,1,4,1
54,1963.37,2295.54,1.145,2.21,0,343.0,1,6.6,475.98,1,1,3,0
36,2833.41,5492.02,1.801,7.56,0,317.4,3,4.1,2837.91,3,1,3,1
41,1230.12,5306.59,3.0,3.45,0,805.4,3,10.0,337.82,4,1,1,0
38,2578.32,2858.11,0.933,1.6,0,694.3,2,6.8,1245.53,0,1,3,0
30,5203.27,1590.82,0.182,6.66,2,643.8,4,16.3,1753.09,3,1,2,0
52,2713.49,5946.17,2.101,5.01,0,592.9,5,10.8,358.37,3,1,2,0
32,1857.37,2417.49,1.403,5.39,2,613.3,1,6.5,1851.6,5,1,3,0
35,1751.13,2679.64,1.487,8.27,0,651.3,4,9.8,3675.01,4,0,2,0
56,1829.06,2074.06,1.08,3.37,1,754.6,3,5.9,107.23,5,1,3,0
63,1962.41,1532.51,1.015,6.67,0,628.3,2,5.7,634.48,0,1,1,0
51,1856.04,1114.65,0.643,3.66,1,711.7,3,7.5,85.09,4,1,1,0
62,3322.77,3540.86,1.106,0.43,0,454.5,1,4.6,2501.18,2,1,3,0
59,1008.55,1624.86,1.567,3.78,0,837.2,1,5.8,1751.29,3,0,4,0
43,3242.54,8000.0,2.396,9.5,0,317.5,5,17.1,322.48,5,0,4,1
55,1854.47,1375.68,0.479,4.83,0,512.6,3,13.0,1215.89,5,1,2,0
36,2606.7,1251.99,0.597,1.08,2,785.1,2,16.8,654.55,1,1,4,0
42,1324.87,3309.73,2.552,6.88,3,399.3,3,6.9,403.76,1,1,2,1
45,4000.19,5797.42,1.428,9.63,1,377.7,5,15.9,1493.83,4,1,4,0
64,3853.54,2590.41,0.656,9.08,0,501.0,3,8.4,372.64,5,1,2,0
59,3388.11,3424.73,1.099,5.72,1,535.5,5,5.2,655.81,3,1,1,0
43,1112.73,906.96,0.629,3.76,1,813.4,4,15.1,347.84,0,0,1,0
50,3194.92,1722.3,0.468,5.81,0,759.9,2,3.9,1402.91,0,1,4,0
30,2639.64,1385.14,0.388,8.16,0,555.2,3,9.1,405.15,4,1,3,1
57,1068.32,881.63,1.038,8.61,0,835.1,3,15.3,584.67,4,1,1,0
46,2176.08,2666.14,1.33,8.19,0,653.3,4,12.3,960.71,5,0,4,0
45,2592.18,728.14,0.017,4.55,0,780.5,2,10.8,464.72,3,1,1,0
55,2825.52,1208.14,0.246,1.19,1,435.3,1,8.3,675.06,2,1,2,0
49,2382.68,1860.48,0.765,5.69,0,568.9,2,4.1,5000.0,0,1,3,0
25,2508.06,1582.62,0.574,1.56,0,316.3,3,17.9,820.71,4,1,1,0
34,4269.87,3109.04,0.569,0.61,0,304.9,4,5.6,589.76,5,1,4,0
29,3819.7,2957.55,1.008,4.99,1,688.0,4,6.8,1207.62,0,1,3,0
54,800.0,4087.28,3.0,6.55,2,365.1,3,6.5,2061.35,2,1,4,1
23,1907.15,3781.43,2.04,8.54,1,601.3,1,16.6,1394.47,2,1,4,1
30,2042.89,4682.06,2.209,7.83,0,682.8,1,14.5,2890.98,4,1,4,1
48,1000.01,2497.36,2.584,8.57,0,317.7,4,9.9,1831.99,4,0,1,0
52,2295.25,2954.11,1.241,7.6,0,546.8,3,17.3,434.74,1,1,1,0
44,3858.96,3312.24,0.824,7.03,0,676.3,4,3.8,566.17,5,1,1,0
59,1349.19,2702.57,2.076,0.1,0,789.4,2,16.4,161.47,0,1,1,1
62,2559.57,2009.4,0.59,6.26,0,464.6,3,3.9,2029.97,4,1,3,0
27,1456.94,2082.25,1.621,1.2,1,835.8,5,8.9,84.93,4,1,1,0
63,1625.96,1594.62,1.003,0.59,0,764.5,2,3.8,2259.82,0,1,2,0
49,4277.14,3152.45,0.891,1.56,1,657.8,1,18.0,616.1,4,1,3,0
49,1723.41,2374.01,1.248,8.23,0,515.6,3,16.7,1474.49,1,1,3,0
26,2708.66,1735.93,0.53,7.44,0,691.1,3,11.8,241.64,1,1,2,0
49,947.82,1736.82,1.693,9.49,0,748.9,5,6.3,331.42,0,1,1,0
53,5086.04,1284.76,0.283,9.79,0,466.8,5,7.2,3758.63,4,1,1,0
47,2885.36,4283.0,1.492,8.93,0,846.1,4,9.7,1786.47,4,1,4,0
25,2026.55,2610.47,1.232,1.33,0,799.7,1,7.8,265.43,3,1,2,0
45,2850.38,1555.43,0.424,8.78,0,567.0,3,3.3,262.2,4,1,3,0
63,1166.54,3900.06,3.0,8.39,0,697.6,4,12.8,2079.67,2,1,3,0
53,3745.65,1836.83,0.485,8.71,0,588.2,3,12.2,533.14,3,1,2,0
28,1901.54,1153.4,0.551,1.52,1,718.5,5,16.6,5000.0,4,1,3,0
64,2006.97,4384.01,2.102,1.17,1,754.8,3,10.2,772.04,2,1,2,0
64,1763.34,1860.58,1.241,9.24,0,312.8,1,8.2,4683.72,3,0,2,0
29,1694.12,1996.5,1.169,1.74,0,343.5,3,10.7,503.54,0,1,4,0
57,3007.35,2557.27,1.003,3.69,0,485.1,3,5.9,2587.17,3,1,2,0
39,2468.51,4686.63,1.835,4.56,0,804.7,1,12.4,276.35,5,1,3,0
48,2949.82,2527.7,0.886,1.24,0,519.1,2,14.6,1752.84,4,1,3,0
41,2191.31,1292.76,0.583,0.21,0,788.1,4,5.3,3757.14,1,1,1,0
56,2771.52,3371.72,1.013,9.94,0,554.3,2,7.8,920.41,3,0,3,0
65,1822.07,1914.67,1.222,8.77,2,458.9,2,16.0,427.3,3,1,4,0
56,6000.0,7061.44,1.161,9.12,0,795.4,3,10.6,909.94,5,1,2,0
62,1086.42,2498.46,2.389,2.85,1,608.4,4,11.0,399.68,4,1,4,1
63,3880.17,731.27,0.098,2.2,0,498.3,3,13.8,2140.48,4,1,1,0
25,4071.52,3042.99,0.728,4.26,0,324.4,5,11.7,105.06,4,1,1,0
33,1499.28,7285.02,3.0,4.53,2,361.0,5,4.0,238.09,2,0,4,1
53,5999.23,5947.95,1.14,0.06,0,376.6,3,15.1,230.76,2,1,4,1
47,3443.29,6843.61,2.025,7.79,0,500.7,2,16.8,903.76,2,1,4,0
24,3405.77,1426.78,0.463,9.97,3,634.0,4,3.8,170.29,2,1,3,0
26,2227.92,4128.75,2.016,5.29,0,469.2,2,4.8,166.24,5,0,1,0
44,1995.12,1680.67,0.981,3.88,0,336.0,4,13.5,1872.42,5,0,2,0
49,2002.15,2828.23,1.504,3.93,0,445.6,3,12.1,153.88,5,1,3,0
29,2622.68,1241.31,0.303,0.96,0,524.8,2,8.7,1469.5,3,1,1,0
29,4132.95,1753.9,0.341,2.66,0,845.7,3,11.1,322.13,1,1,3,0
27,2387.03,1723.5,0.602,5.02,0,516.1,3,13.6,40.44,0,1,1,0
46,1459.81,4097.99,2.895,4.32,1,349.1,5,10.6,438.01,1,0,1,1
22,3188.18,3883.3,1.239,5.45,0,619.6,2,5.1,1380.73,3,0,1,0
47,3330.01,2911.13,0.707,8.49,0,805.8,5,4.3,540.77,2,1,1,0
42,2953.69,1189.53,0.38,2.25,0,732.7,1,9.6,150.01,3,1,1,0
42,3076.93,2106.21,0.505,0.28,0,759.9,4,16.8,957.15,5,1,4,0
51,1947.49,1658.52,0.845,0.38,2,810.5,5,11.4,1796.58,2,0,4,1
44,1448.33,4033.41,2.586,1.34,0,650.1,2,8.4,831.31,5,1,3,0
54,1488.5,4779.29,3.0,5.7,0,847.2,1,16.6,5000.0,3,0,2,0
55,1053.9,4469.62,3.0,8.08,1,318.3,4,8.8,1274.3,4,1,1,1
62,2447.54,1650.24,0.903,8.87,1,759.2,4,10.6,983.08,0,0,4,0
57,2118.92,554.08,0.363,6.35,2,771.4,2,4.7,512.8,1,1,4,0
44,1804.82,945.98,0.473,4.03,0,804.2,3,14.1,777.32,5,1,4,0
43,800.0,5464.02,3.0,1.55,0,563.0,4,13.5,675.46,5,1,2,1
32,1255.04,2004.91,1.43,4.01,0,733.3,2,14.9,2478.41,3,1,1,0
48,3643.1,1654.32,0.339,3.32,0,407.3,3,7.9,326.73,0,1,3,0
28,1631.3,6170.34,3.0,8.7,1,631.7,3,9.5,3115.13,0,0,2,0
62,2587.58,5013.47,1.679,4.87,0,497.3,2,5.5,1125.93,2,1,2,0
59,1176.62,2533.84,2.149,2.26,0,627.9,4,17.5,1735.04,5,0,2,0
27,4203.32,2127.44,0.384,2.89,2,671.6,2,4.3,2342.24,2,1,1,0
56,2061.94,2324.8,1.14,1.36,3,490.9,5,12.7,1736.98,5,1,4,1
27,2506.72,2832.7,1.001,9.19,0,418.9,3,13.6,754.96,3,0,1,0
53,6000.0,6027.41,1.055,0.5,2,476.9,3,5.4,8.67,0,1,4,1
25,4352.96,3153.93,0.727,0.13,0,665.2,3,8.5,5000.0,3,0,4,0
43,1916.5,3727.01,2.113,1.83,0,672.3,3,3.6,296.72,2,0,1,0
50,1684.57,4755.92,2.824,8.11,0,707.7,4,11.3,197.94,1,1,3,0
54,1900.21,1313.86,0.599,5.23,3,369.6,3,17.9,1573.28,4,1,1,1
40,2767.41,3786.59,1.339,6.26,2,750.2,4,9.4,1468.57,1,1,4,1
62,2098.26,2126.08,0.852,3.58,0,678.5,3,17.9,235.04,5,1,3,0
56,1841.53,626.53,0.389,0.69,0,316.8,2,4.9,4510.18,4,1,1,0
31,4257.53,775.53,0.253,8.56,0,484.6,1,8.9,1901.18,4,1,4,0
51,2089.79,1428.07,0.98,1.92,0,556.7,4,16.5,2468.56,0,1,4,0
54,6000.0,3348.34,0.483,0.33,1,498.3,3,16.2,235.11,5,1,4,0
36,2291.69,2661.48,1.129,5.73,0,364.6,3,7.9,154.41,2,0,2,0
54,4912.83,2766.8,0.494,0.83,1,414.0,3,13.2,1473.81,4,1,4,0
61,2583.77,7310.49,2.855,0.96,0,313.5,3,16.3,277.92,1,0,3,1
57,3393.25,1243.95,0.412,8.0,0,351.2,3,14.5,463.43,4,1,3,0
55,1587.85,2462.56,1.544,4.92,0,446.5,3,12.4,3167.47,1,1,2,0
49,1498.2,2955.68,2.103,2.42,3,751.0,5,5.3,37.77,4,1,2,1
33,2705.6,1667.53,0.542,3.49,0,589.7,1,4.1,2520.22,1,1,3,0
56,3432.56,2539.25,0.858,7.29,0,533.5,3,12.2,569.72,5,1,3,0
38,2240.22,1036.99,0.528,0.66,0,664.2,1,10.5,919.36,4,1,1,0
45,1233.16,5428.91,3.0,1.16,2,597.8,4,6.6,2410.3,2,1,2,1
35,1192.84,1718.42,1.403,6.16,1,372.3,3,7.4,2044.35,2,1,1,0
35,1157.48,7641.25,3.0,6.07,1,422.4,3,8.9,5000.0,0,1,2,1
28,993.05,2455.74,2.375,9.72,0,422.4,4,10.4,5000.0,1,1,4,0
64,2311.11,4400.51,1.94,3.75,1,630.0,3,8.9,778.11,4,1,3,0
28,3650.0,2427.77,0.575,0.65,0,553.9,2,8.8,410.99,4,1,1,0
25,2186.76,2458.08,1.338,5.38,1,513.2,3,4.7,383.97,5,1,3,1
63,800.0,1813.17,2.373,6.38,0,606.2,1,16.0,1783.89,0,1,1,0
46,2019.03,2669.28,1.241,1.4,0,833.6,4,12.1,694.53,1,0,1,0
41,2044.59,2977.82,1.518,5.53,3,472.8,4,5.2,811.77,4,1,4,1
54,5650.01,1624.09,0.318,1.98,3,586.1,4,9.4,1651.36,2,1,1,1
38,1141.96,2333.84,1.982,8.45,0,564.2,4,9.3,1824.81,1,1,2,0
27,1845.32,1787.35,1.06,8.35,0,694.2,4,12.0,868.41,1,1,1,0
54,4740.26,8000.0,1.734,4.3,1,701.7,3,12.1,1877.09,5,1,3,0
29,2693.79,2379.62,0.909,9.67,3,701.0,1,12.7,1090.22,5,1,3,1
46,2834.73,5848.4,2.058,9.8,1,410.8,2,13.5,411.35,0,0,4,0
63,2316.41,2244.98,1.021,1.29,0,547.0,5,4.6,537.34,5,1,4,0
63,2552.14,2883.19,1.157,3.68,0,746.1,5,7.6,1985.0,3,1,3,0
37,3121.71,1208.69,0.394,6.0,1,509.8,4,3.3,152.7,5,1,2,0
56,1528.35,1955.02,1.202,0.85,1,841.3,2,9.8,2238.52,3,0,1,0
48,3266.06,2806.91,1.063,3.83,1,500.6,2,9.4,525.72,4,1,4,0
43,1186.02,5981.03,3.0,2.61,0,573.7,4,14.0,146.58,3,1,3,1
28,2550.33,2824.64,1.159,9.52,0,561.0,1,5.5,4604.85,4,1,1,0
38,2384.26,5351.29,2.206,4.12,0,538.5,3,12.5,1470.61,4,1,3,0
50,1667.17,3556.2,2.344,7.63,1,765.1,2,7.6,7.61,3,0,2,0
65,2177.66,6118.77,2.701,3.87,0,385.4,2,8.7,194.05,0,1,2,1
22,1662.49,2420.12,1.367,1.32,0,612.2,3,13.8,1135.7,0,1,2,0
53,1358.24,8000.0,3.0,8.63,1,640.2,5,4.1,65.19,2,1,4,1
59,1876.35,1914.24,1.059,0.0,1,768.2,4,8.1,498.81,2,1,1,0
63,1338.65,1640.07,1.06,0.56,0,635.1,3,8.9,824.86,5,1,4,0
40,2543.95,1285.0,0.448,3.64,1,828.0,3,13.7,2562.09,0,1,1,0
27,1311.17,8000.0,3.0,6.87,0,779.7,5,6.0,537.31,5,1,1,0
33,3030.86,3923.51,1.323,3.42,0,491.8,3,17.2,1180.16,0,1,3,0
59,1292.78,2080.33,1.549,0.66,0,772.9,3,18.0,1633.27,2,1,1,0
60,1705.1,4969.17,2.736,3.18,0,827.2,3,15.3,237.7,2,1,4,0
50,1660.94,3649.25,2.327,2.45,2,441.5,2,7.5,1200.22,3,1,3,1
27,3993.92,7371.79,1.689,0.05,2,635.6,1,13.0,968.43,0,1,2,0
27,2552.54,1067.14,0.514,5.35,0,455.0,4,4.2,1046.81,4,1,2,0
43,2000.06,2160.51,0.996,1.17,1,657.3,3,16.1,238.36,0,0,4,0
47,2753.52,1938.48,0.896,2.87,0,351.5,2,10.7,1045.43,4,1,4,0
23,852.33,844.31,1.081,6.41,1,703.8,2,5.6,200.64,3,1,3,0
52,2157.71,4479.32,1.955,7.25,1,530.9,5,7.9,905.58,5,0,1,1
45,5405.08,2154.53,0.289,2.63,0,623.0,3,15.0,4945.73,5,1,3,0
22,2335.0,3755.0,1.681,3.29,0,314.2,3,16.1,350.3,5,1,1,0
26,2268.27,8000.0,3.0,2.47,0,682.5,1,10.8,2357.6,2,1,2,0
41,2815.43,2058.56,0.711,9.57,0,572.8,5,10.2,412.83,2,1,3,0
53,3291.95,1983.09,0.755,1.91,2,643.9,4,14.3,1438.56,3,1,2,0
58,895.47,2668.61,2.89,1.83,0,473.6,3,15.4,915.96,3,1,4,0
40,1031.91,4302.85,3.0,4.45,0,380.2,2,14.5,3297.12,4,1,4,1
34,2418.36,1830.52,0.871,1.89,0,539.5,3,8.8,487.44,2,1,1,0
64,1594.82,1766.96,1.205,1.57,2,819.2,4,12.6,4433.44,2,1,4,0
42,3970.41,4471.59,1.107,0.96,0,425.3,4,15.9,452.92,0,1,4,0
35,1909.09,3078.81,1.578,6.4,1,671.7,5,5.3,2244.64,1,1,1,1
41,921.2,811.96,0.673,6.12,0,327.4,3,8.8,1305.95,4,1,2,0
22,1243.4,1274.21,0.898,6.5,0,695.0,2,3.8,489.32,5,1,4,0
35,800.0,5708.58,3.0,7.73,0,431.1,3,9.1,2049.46,3,1,1,0
44,1980.01,3118.5,1.558,3.26,0,548.3,4,14.6,5000.0,2,1,1,0
62,2021.19,1643.92,0.822,9.18,0,502.3,2,6.0,1184.52,0,1,3,0
54,1817.48,2276.33,1.377,7.33,1,362.1,2,11.1,2404.67,0,1,4,0
56,3574.96,2518.27,0.562,8.05,1,490.1,4,3.5,335.66,4,1,2,0
45,3772.7,3746.96,0.965,7.21,0,492.6,3,16.5,1268.44,3,0,4,0
26,2037.62,1184.41,0.604,3.58,0,587.2,4,15.3,2812.56,1,1,3,0
39,841.85,1574.23,1.785,2.83,0,834.8,1,10.9,5000.0,1,1,1,0
65,2904.42,2904.95,1.172,4.23,0,558.5,2,13.6,348.55,0,1,2,0
23,2824.61,2366.43,0.947,0.97,1,802.9,2,4.6,1845.0,4,1,3,0
60,2528.64,3424.01,1.389,4.51,1,553.9,3,15.7,390.17,3,1,2,0
52,3421.65,1271.33,0.587,0.43,1,359.1,4,13.7,28.81,1,1,1,1
34,1302.5,3042.6,2.156,0.04,0,426.6,3,4.8,618.86,4,1,1,0
56,5432.49,4556.99,0.838,9.31,0,524.1,3,17.7,3388.69,5,0,3,0
58,1428.63,3267.55,2.331,6.89,0,479.0,1,3.3,422.27,3,1,4,0
23,3082.09,2698.79,0.766,5.62,3,776.2,4,12.4,340.64,1,1,2,1
26,1029.58,2371.58,2.34,3.41,0,673.3,5,5.6,1179.29,0,1,4,0
51,1447.5,1579.52,0.958,5.71,2,618.1,4,13.8,999.55,4,1,3,0
65,4352.82,2402.94,0.635,8.92,0,570.2,2,4.1,520.45,3,1,2,0
23,1956.3,4998.46,2.682,6.52,0,518.5,3,4.2,21.32,2,1,3,0
51,3210.49,2341.58,0.762,6.02,1,636.7,2,10.0,589.83,0,1,2,0
28,2447.55,1532.5,0.404,4.6,0,368.5,1,17.9,1020.15,4,1,4,0
50,2098.51,1907.04,0.793,3.46,0,389.4,2,7.1,736.08,5,1,4,0
49,4064.09,2792.0,0.755,6.99,0,466.7,1,12.2,163.08,2,1,4,0
25,1977.75,2035.74,1.032,9.81,3,394.2,2,10.8,169.34,1,1,1,1
51,987.21,3264.83,2.984,4.25,0,672.4,4,15.6,113.0,3,1,1,1
61,1532.65,3332.94,2.324,3.92,2,313.6,2,7.3,208.8,5,1,4,1
59,2819.31,4076.47,1.462,4.28,0,388.1,4,11.3,573.66,3,1,4,0
23,2628.56,5469.83,1.983,4.26,0,796.4,5,17.3,173.86,0,1,3,0
32,1086.85,4323.27,3.0,9.91,0,848.6,3,8.0,2314.78,1,0,1,0
32,1588.04,1495.5,0.86,7.07,0,568.2,3,9.6,351.19,0,1,4,0
41,1693.31,1520.97,0.816,3.59,2,572.5,4,16.3,183.58,2,1,2,1
28,1866.37,2397.96,1.328,3.72,2,725.4,1,8.0,2246.24,2,1,2,0
59,1184.47,1950.61,1.861,4.31,3,319.9,3,8.7,474.25,3,1,2,1
56,1658.13,1336.71,1.001,0.37,3,534.9,3,7.6,575.63,4,1,2,1
57,1585.0,1960.82,1.28,5.28,0,354.9,4,15.1,216.24,0,1,2,0
30,3113.19,1925.74,0.674,8.11,0,520.5,4,17.0,788.86,5,1,2,0
22,3166.29,1727.67,0.641,6.61,1,841.1,4,12.5,1435.57,1,1,3,0
62,2060.28,2101.41,0.869,1.98,0,714.5,3,12.4,380.65,3,1,1,0
34,1844.19,4779.99,2.669,7.28,1,841.8,3,8.9,165.17,1,1,2,0
50,2342.98,2789.53,1.103,7.19,0,710.3,4,3.2,245.45,2,1,1,0
62,1523.48,8000.0,3.0,2.63,0,634.5,4,5.6,5000.0,4,0,3,0
23,1313.09,2745.79,2.064,6.23,0,714.8,3,5.2,468.77,0,1,4,0
22,1441.03,2131.35,1.539,6.11,0,662.5,5,4.7,3434.88,2,1,4,0
22,1653.33,2505.69,1.53,8.4,0,555.2,4,12.8,342.87,3,1,1,0
28,1303.29,2878.76,1.84,1.36,0,460.9,3,5.0,5000.0,3,1,3,0
24,2366.43,3176.18,1.364,1.95,0,586.1,1,4.3,728.14,2,0,1,0
58,3055.15,7834.07,2.641,4.86,0,442.2,2,8.7,1284.8,2,1,2,1
48,1077.09,1570.45,1.512,0.44,0,567.7,4,6.7,124.91,5,1,2,0
65,2225.02,4009.9,1.79,4.16,0,380.4,1,5.2,823.73,1,1,3,0
57,1992.69,2802.62,1.604,7.88,0,611.0,3,5.2,913.31,2,1,2,0
64,2565.46,1053.57,0.448,1.49,1,434.9,3,6.8,5000.0,2,1,3,0
32,2187.23,3819.71,1.799,4.6,0,461.5,4,11.1,2991.7,4,1,3,0
34,1143.78,5020.27,3.0,9.9,0,574.5,4,14.4,1099.33,4,1,4,0
59,1246.55,1560.25,1.295,5.06,0,389.4,4,15.8,2912.81,5,1,1,0
32,2229.32,2487.75,1.008,4.98,0,829.3,3,14.3,65.18,0,0,4,0
24,3495.26,967.87,0.0,5.59,0,545.8,1,12.4,5000.0,0,1,4,0
51,812.27,1251.0,1.483,1.86,0,493.8,3,16.6,1332.28,2,1,3,0
57,2570.33,4449.12,1.822,1.47,0,316.1,2,10.8,3054.5,2,1,4,0
64,3757.63,1934.33,0.472,6.77,0,763.8,3,12.5,1112.84,0,1,1,0
62,2053.6,1358.59,0.758,3.96,0,644.2,5,9.2,4246.13,5,1,1,0
27,2818.06,2836.28,1.024,2.9,0,529.0,3,7.9,2249.01,5,1,1,0
55,1603.32,1875.67,1.324,0.31,0,435.0,3,8.0,4022.21,2,1,4,0
59,2084.95,1929.65,0.89,8.46,0,709.8,3,5.2,2043.03,4,1,2,0
52,1060.82,3754.37,3.0,0.32,0,820.0,4,14.9,1384.46,3,1,2,0
58,800.0,1319.61,1.71,7.5,1,509.4,3,3.8,2029.52,3,1,3,0
58,3362.56,1519.44,0.632,3.82,0,374.2,3,13.1,2194.16,5,1,2,0
41,1412.29,2721.1,1.722,5.99,0,360.1,2,16.0,2091.47,0,1,3,0
23,1792.25,4260.84,2.322,2.48,0,303.5,3,10.5,3772.38,1,1,4,0
42,1178.87,4939.57,3.0,1.55,0,709.2,2,4.1,3017.46,2,0,2,0
30,1166.46,1734.13,1.672,5.33,0,839.8,3,9.4,3817.25,5,1,4,0
27,2034.46,4186.43,2.087,6.96,1,846.0,4,8.1,570.94,3,1,3,1
27,1584.31,1624.2,0.99,1.95,1,731.3,1,17.8,5000.0,2,0,2,0
52,2607.9,6825.77,2.708,4.36,0,389.2,3,13.4,988.03,0,1,4,0
44,2696.89,1340.06,0.601,4.45,0,837.7,2,13.8,354.53,3,0,2,0
45,2541.72,5191.14,1.999,2.16,1,480.3,2,10.7,316.36,1,0,1,1
54,2449.36,1742.33,0.751,5.65,0,483.5,1,13.6,923.34,1,1,2,0
46,4474.76,7565.33,1.832,1.46,0,678.0,2,13.8,317.23,5,0,4,0
49,1360.76,3460.86,2.77,5.1,1,327.0,5,4.0,703.71,3,1,3,1
25,2146.28,1429.72,0.755,1.13,0,754.2,5,6.3,3480.03,0,1,3,0
59,3662.58,1875.85,0.517,4.86,0,848.5,4,3.2,284.13,0,0,3,0
41,3886.47,3841.8,0.982,3.12,0,726.3,3,10.6,1445.2,2,1,1,0
28,1160.28,4460.43,3.0,4.52,0,729.9,4,16.1,1178.03,0,1,1,0
57,1911.52,2404.63,1.244,4.34,0,514.7,4,12.1,120.07,2,1,2,0
54,4053.63,2562.17,0.655,9.08,0,336.3,3,10.5,652.8,2,1,4,0
24,2765.14,3793.86,1.245,4.9,0,736.0,1,16.9,1796.59,5,1,1,0
30,2402.06,2687.95,1.275,8.18,0,628.4,4,5.6,2465.92,2,1,3,0
22,1994.71,1227.36,0.478,2.26,0,800.1,5,4.1,1171.77,1,1,4,0
33,1851.04,1598.64,0.812,3.52,1,363.8,2,16.8,1281.43,3,1,1,0
26,2504.67,2845.12,1.148,0.75,0,467.8,3,16.5,3363.9,3,1,1,0
53,1963.81,4878.35,2.723,4.21,1,498.4,2,13.2,2871.18,0,0,4,0
44,2158.25,6080.46,2.767,6.69,0,675.8,2,6.7,338.36,0,1,1,0
65,2279.21,3838.31,1.604,8.38,0,733.3,4,17.5,598.05,1,1,3,0
54,1621.46,2927.94,1.74,5.66,0,828.6,2,14.5,1582.16,4,1,4,0
48,2795.23,3774.01,1.549,6.4,0,462.5,5,13.1,1097.47,1,1,2,0
44,6000.0,1732.52,0.0,1.77,0,571.5,4,6.3,1584.22,5,1,2,0
24,988.88,2297.94,2.203,0.37,1,315.9,1,10.7,1074.38,2,1,3,0
25,2545.34,1588.86,0.952,7.92,2,439.1,4,15.3,1558.7,5,1,3,1
49,1562.63,1257.95,0.876,1.67,1,505.7,4,15.9,1119.3,1,0,4,0
22,2852.76,3003.39,0.92,0.91,0,626.6,3,11.4,506.1,2,1,3,0
23,2246.58,2768.55,1.227,9.38,0,559.0,3,10.8,3891.66,0,1,4,0
31,3099.66,3649.17,1.185,9.64,0,500.5,4,13.5,143.72,5,1,1,1
60,3733.83,3375.87,1.006,6.16,0,643.2,3,10.9,760.68,3,0,2,1
42,2398.99,2856.92,1.412,3.79,1,755.7,2,9.3,1313.96,0,1,1,0
53,3661.53,3395.43,0.974,8.33,1,432.9,2,4.3,3145.59,4,1,3,1
40,800.0,2441.99,2.988,2.05,0,488.6,2,4.9,1062.56,5,0,1,0
29,4500.38,3137.36,0.792,4.29,2,687.7,3,14.4,27.86,4,0,4,0
38,2604.49,1676.84,0.56,3.57,1,727.9,2,3.4,2947.91,4,1,4,0
26,3573.29,3063.72,0.733,9.13,0,754.0,3,3.8,2147.87,1,1,4,0
55,1270.63,3610.77,2.631,9.2,2,415.1,3,16.6,1034.55,2,1,4,1
30,1513.78,1729.73,0.955,6.51,0,596.6,4,13.6,1131.21,5,1,1,0
38,2349.33,2572.29,0.987,1.11,0,795.0,3,3.1,654.12,3,1,3,0
65,2183.2,1774.13,0.671,4.82,0,515.6,5,7.7,3904.57,3,1,3,0
48,2498.87,1871.45,0.787,2.45,0,536.4,5,14.4,214.16,4,1,3,0
42,3584.03,1346.6,0.232,8.85,0,841.7,2,9.3,1703.16,3,1,4,0
45,994.13,5015.17,3.0,1.38,2,362.2,3,10.0,1159.32,0,0,3,1
56,3409.88,4492.54,1.192,0.54,0,688.1,2,9.9,1446.35,1,1,1,0
33,2208.21,3359.79,1.465,7.04,0,767.6,4,6.0,1617.89,4,1,4,0
50,2007.23,7396.44,3.0,4.53,0,382.9,3,13.8,2860.93,1,1,2,1
60,1134.8,2252.87,2.168,8.38,0,692.9,2,4.5,100.45,3,1,2,0
47,2758.89,8000.0,2.826,0.75,1,558.4,2,10.6,2839.65,2,1,3,1
41,800.0,2205.93,2.863,8.01,0,769.1,3,5.5,725.39,3,1,4,0
28,2945.37,2876.71,0.974,0.37,3,799.1,4,3.7,2772.96,1,1,3,0
32,1124.13,2008.75,1.782,0.28,0,779.9,4,5.1,707.39,1,1,1,1
63,2253.57,3068.13,1.261,4.61,0,335.4,1,16.0,1805.48,4,1,3,0
45,2085.13,3958.55,1.891,2.21,0,716.3,2,5.6,373.77,1,1,3,0
35,3723.82,2348.17,0.539,5.94,0,806.8,3,7.2,4120.52,1,1,1,0
40,2030.05,6642.49,3.0,0.26,2,641.7,3,5.1,1922.27,5,1,3,1
47,1609.78,2851.44,1.743,0.35,0,630.5,1,14.0,22.81,0,1,4,1
45,1751.52,2901.01,1.543,7.27,0,324.8,2,9.7,107.55,3,1,4,0
52,3901.08,1516.4,0.508,2.1,0,770.8,4,17.2,449.08,0,1,2,0
33,2800.48,3147.05,1.175,6.56,1,325.5,3,13.0,1286.39,4,1,3,0
50,1849.52,2322.34,1.202,7.5,0,472.4,4,11.0,659.72,0,1,4,0
41,1977.94,1789.18,0.922,0.59,1,809.2,3,12.8,246.77,3,1,3,0
63,1086.79,1631.06,1.491,7.7,1,822.4,3,3.6,1533.62,2,1,2,0
28,2620.25,8000.0,2.949,2.68,0,845.5,3,17.3,1277.54,4,1,1,0
28,996.55,2162.74,2.179,3.9,0,562.0,2,17.3,2812.24,0,1,1,1
42,3085.66,1121.82,0.289,0.87,0,397.6,2,7.1,550.17,3,1,3,0
44,2331.09,1702.79,0.617,8.39,0,568.4,5,12.4,1393.1,3,1,4,0
52,6000.0,2430.09,0.21,5.61,2,356.3,4,6.0,3637.57,1,1,3,0
39,1340.97,3376.9,2.475,5.05,0,779.9,4,11.2,3464.14,1,1,4,0
62,2100.68,3392.03,1.683,9.69,1,608.3,1,14.6,179.91,4,0,3,0
42,4941.59,3627.08,0.651,3.35,0,522.5,1,17.1,2610.74,3,1,2,0
27,3760.62,1753.51,0.769,8.91,0,343.7,2,8.1,292.94,3,1,3,0
27,1608.27,3014.8,1.981,7.2,1,522.9,5,13.4,269.93,5,0,2,0
64,2433.29,1544.13,0.791,9.29,0,776.4,4,13.7,14.98,2,1,1,0
27,2201.98,1778.0,0.903,9.08,0,686.9,3,6.3,3841.86,5,1,3,0
63,2497.62,1509.16,0.827,9.91,0,345.4,5,12.4,558.84,5,1,3,0
34,1606.49,1300.41,0.715,1.32,0,387.9,1,12.8,970.19,3,1,4,0
26,2113.33,4488.89,1.817,7.96,1,515.8,3,14.5,1676.19,1,0,1,0
35,1071.79,3651.1,3.0,8.04,0,355.8,2,18.0,20.98,2,1,2,0
49,2337.92,4277.88,1.897,6.44,1,813.7,2,3.6,1140.2,0,1,1,0
40,2693.84,2554.64,0.967,2.79,0,658.8,5,6.0,348.6,4,1,4,0
56,1985.99,3832.57,1.963,9.65,0,352.2,4,5.2,851.73,1,1,4,0
48,1063.63,948.93,1.051,2.04,0,733.4,1,5.3,1020.63,5,1,2,0
39,3432.53,4018.82,1.217,5.0,1,502.6,2,9.8,152.0,3,1,4,0
49,2592.17,2755.8,1.159,5.21,0,434.7,3,16.2,2920.44,2,1,3,0
64,1586.85,3529.66,2.112,1.62,0,613.5,1,9.7,4689.93,1,1,2,0
40,1939.03,3081.15,1.458,7.23,0,307.4,3,13.0,338.74,0,1,2,0
28,1119.81,1452.68,1.491,0.89,0,556.0,3,8.6,2108.23,4,0,3,0
39,1386.83,1096.77,0.803,6.93,1,764.1,2,7.8,765.21,4,1,1,0
58,1727.1,1689.89,0.904,8.49,0,810.4,2,15.5,244.95,1,1,1,0
31,3823.81,3410.96,0.817,3.49,2,488.4,2,12.8,2374.45,0,1,4,0
63,1649.84,3654.07,2.137,7.09,0,653.3,5,8.3,1817.99,1,0,1,0
47,2934.55,1178.12,0.316,1.57,0,424.8,2,16.7,5000.0,4,1,1,0
48,1726.71,1457.45,0.69,8.46,0,608.1,3,10.5,184.77,3,1,4,1
35,2459.69,1679.53,0.503,9.52,1,439.7,2,5.8,553.98,0,1,4,0
62,2064.38,2053.97,0.972,1.53,0,614.2,4,10.2,1740.92,0,0,4,0
23,3258.71,1181.95,0.292,6.92,0,394.4,1,13.1,617.54,0,0,1,0
35,1729.43,1143.58,0.794,5.06,0,817.7,1,8.5,1973.77,4,1,4,0
40,1084.18,1590.87,1.503,5.31,0,787.8,4,15.7,419.81,4,1,2,0
43,1181.26,2621.46,2.251,7.06,0,485.3,4,11.0,448.07,2,0,1,0
42,1731.72,1305.99,0.665,4.89,3,727.2,2,10.0,1919.08,4,1,4,1
28,1254.05,2345.74,1.856,6.0,0,352.5,2,15.9,526.94,0,1,2,0
31,2646.01,4474.95,1.735,2.31,0,707.2,5,9.9,1065.4,3,1,3,0
26,1784.01,1221.78,0.771,3.79,0,455.4,1,9.2,288.24,1,1,1,0
47,6000.0,2231.66,0.361,8.65,0,374.6,2,4.6,559.1,4,0,1,0
37,1006.51,4392.54,3.0,1.1,0,673.0,3,8.4,320.19,2,1,4,1
46,2411.12,1986.24,0.825,5.98,3,558.4,2,9.0,1757.76,5,1,3,1
47,1324.29,1823.53,1.472,1.84,0,591.6,3,5.7,2690.72,3,1,4,0
52,1761.96,4740.84,2.632,8.47,1,586.3,3,11.8,435.93,2,1,1,1
46,2344.56,2112.52,0.684,5.79,0,332.7,3,5.2,482.07,5,1,4,0
50,800.0,4589.46,3.0,4.03,1,328.3,3,6.4,1989.56,5,1,4,0
47,2447.41,3165.22,1.38,2.5,0,630.6,3,11.4,2775.72,2,1,4,0
50,5179.8,2070.37,0.469,4.37,2,643.1,4,7.0,1095.45,2,1,1,0
49,1793.93,3254.77,1.865,9.58,0,325.9,1,12.6,577.1,3,1,1,0
35,2472.85,2981.83,1.164,5.09,0,508.1,2,13.4,672.31,1,1,3,0
32,3489.2,4383.19,1.159,4.69,0,637.1,3,7.5,3890.46,2,1,1,0
56,2043.53,1849.1,0.971,7.46,0,661.2,2,4.3,390.22,5,1,1,0
37,1693.89,2557.31,1.561,3.79,0,755.6,1,10.3,372.02,5,0,4,0
46,800.0,2416.83,2.954,4.27,0,531.4,2,4.4,2658.64,2,1,3,1
30,2935.57,3682.43,1.388,3.37,1,601.5,4,10.7,722.01,2,1,4,0
40,2090.77,1422.54,0.574,1.51,1,618.2,1,13.9,4325.68,5,1,4,0
45,1394.8,4373.78,3.0,7.14,0,471.6,4,12.3,4851.33,1,0,1,0
49,2328.97,3230.93,1.584,8.73,1,329.6,4,9.7,349.03,0,1,4,0
45,1691.81,1211.65,0.82,9.06,0,302.3,3,17.2,2098.27,0,1,1,0
37,1734.41,4859.01,2.759,8.81,0,759.9,2,4.5,200.44,0,1,2,0
64,2890.09,8000.0,2.803,4.52,0,410.1,4,16.2,1738.35,5,1,2,1
44,1204.65,4337.51,3.0,2.84,0,646.6,2,15.0,2911.92,0,1,1,0
57,3524.54,5480.15,1.225,6.38,0,617.4,5,9.3,1020.75,1,1,3,0
54,1172.92,2620.19,2.125,9.55,0,519.8,4,5.3,418.0,3,1,1,1
46,1632.71,1002.47,0.608,7.27,0,758.4,1,5.3,237.16,3,1,4,0
61,5226.72,906.67,0.131,4.95,0,684.1,4,16.8,898.21,4,1,4,0
27,3653.8,2876.53,0.817,6.89,1,312.5,3,6.5,320.68,5,1,3,0
62,2298.78,1805.26,0.921,7.73,0,727.2,3,16.1,1319.45,2,1,1,0
59,1440.83,1511.76,1.011,9.19,1,578.8,3,10.5,967.66,1,1,3,0
44,1733.75,2415.2,1.266,7.63,0,490.9,3,9.9,2354.75,0,1,3,0
54,2273.75,3507.36,1.582,4.33,0,699.8,4,12.3,1885.22,5,0,2,0
44,2237.46,1124.43,0.463,2.74,0,677.3,4,6.2,1422.32,2,0,2,0
33,2111.85,1953.08,0.906,5.0,1,470.8,2,9.4,640.54,5,0,2,1
57,2169.69,5735.76,2.609,3.28,0,840.7,3,17.1,3925.21,2,1,4,0
32,1997.68,1383.87,0.962,9.43,0,656.8,3,6.6,2848.18,4,1,1,0
35,1149.78,4033.6,3.0,5.08,1,633.2,3,16.8,3067.75,3,1,3,1
44,1743.73,1914.94,1.052,4.72,1,338.4,3,17.9,221.19,4,1,2,1
58,3320.24,3375.28,1.016,3.48,0,453.6,2,3.8,42.28,3,1,3,0
38,1188.52,4571.41,3.0,6.39,0,545.8,4,11.0,2020.75,1,1,1,1
43,2020.12,3758.41,1.968,5.2,0,646.8,2,5.6,628.33,0,1,4,0
23,1521.3,4121.96,2.807,1.29,0,582.0,2,12.3,646.8,0,1,2,0
27,2313.05,1326.99,0.568,8.69,1,719.7,3,17.8,190.23,2,1,4,0
24,1847.02,4612.65,2.465,3.59,0,444.4,2,16.5,1864.09,5,0,1,1
25,4277.14,1564.1,0.352,4.33,0,686.2,1,16.9,3472.45,3,1,3,0
60,2763.28,2883.6,1.031,2.06,0,749.1,1,6.2,5000.0,4,1,3,0
59,1219.14,2881.54,2.354,5.53,0,720.8,3,11.1,5000.0,1,1,4,0
58,2975.79,3264.5,1.074,7.02,0,724.0,5,6.5,3362.53,2,1,1,0
24,1552.5,3009.03,1.968,8.81,0,788.7,3,16.5,335.36,2,0,3,0
25,1696.91,1571.76,1.017,0.52,0,346.3,1,5.9,523.95,0,1,1,0
34,2533.69,1189.89,0.322,9.73,0,683.5,4,5.3,129.94,3,1,2,0
46,1763.27,4039.34,2.165,7.04,0,832.8,2,3.2,1021.72,2,1,1,0
36,3287.88,2769.04,0.632,2.84,0,615.5,5,5.7,2677.91,2,1,1,0
43,1552.6,4704.16,3.0,2.04,0,419.5,3,5.8,70.69,3,0,4,0
29,1665.18,2439.24,1.495,2.96,0,849.3,2,4.2,5000.0,0,0,3,0
54,1637.37,1154.25,0.766,8.76,1,396.1,3,16.0,234.22,5,1,4,1
35,1705.61,4253.16,2.322,2.91,3,484.6,2,14.7,394.96,1,1,3,1
24,3607.78,2039.26,0.779,4.63,2,394.6,4,6.8,1705.52,4,1,3,0
54,2919.51,3017.39,0.96,7.06,0,555.5,1,14.7,1121.06,4,1,1,0
61,4748.99,1751.0,0.389,8.72,0,530.4,4,9.3,3272.91,0,1,4,0
22,6000.0,6175.91,1.132,6.59,0,570.2,4,14.6,1950.18,1,1,1,0
41,1383.53,1543.7,0.997,7.53,1,810.4,4,7.8,79.73,2,1,1,0
58,2270.83,2076.54,0.849,1.73,0,563.1,4,11.5,3115.63,4,0,3,0
53,1295.85,2652.19,2.068,8.77,0,583.0,2,8.7,2176.79,3,1,3,0
59,1550.43,1371.07,1.227,2.76,0,787.7,3,5.8,1530.91,2,1,1,0
40,1656.85,2998.39,1.846,1.28,0,749.8,4,11.8,66.85,5,1,3,0
38,1367.16,6066.86,3.0,9.76,1,431.8,2,14.3,2077.79,2,0,3,1
53,1370.41,1908.92,1.538,2.02,0,307.1,1,14.3,1093.86,5,1,2,0
28,2061.7,3106.88,1.551,1.37,0,646.2,2,8.3,1733.65,4,1,3,0
32,1272.44,551.07,0.314,6.26,2,764.7,2,10.8,2900.25,1,1,3,0
48,3213.67,2447.04,0.889,3.19,0,604.1,4,14.5,2426.14,2,1,2,0
51,1455.67,2104.58,1.266,1.33,0,416.1,3,3.8,2073.46,0,1,1,0
27,6000.0,1593.79,0.458,6.01,0,707.7,3,4.1,1545.88,1,1,2,0
44,1795.59,4531.66,2.548,7.59,0,668.2,5,8.6,813.38,0,1,4,0
38,2272.47,2089.36,0.601,7.93,0,610.8,2,6.4,2265.26,0,1,2,0
44,1228.21,2267.5,1.805,1.56,0,774.8,4,8.6,922.12,0,1,3,0
64,4740.77,2031.62,0.507,5.57,2,731.3,1,4.4,2162.32,4,1,2,0
25,3640.91,871.14,0.211,8.14,0,667.4,1,11.9,2463.17,2,1,3,0
65,2514.49,1341.38,0.619,1.61,0,665.6,2,13.1,714.01,2,1,3,0
41,1200.09,4241.39,3.0,2.08,0,664.2,2,14.9,1370.9,4,1,2,0
55,2418.77,783.34,0.167,0.02,2,588.8,3,12.8,961.08,4,0,3,0
40,1328.19,1640.2,1.226,5.25,0,555.2,3,8.9,1132.99,3,1,4,0
35,4248.29,2006.61,0.476,1.95,2,690.3,2,17.0,225.51,2,1,4,1
55,3166.4,6522.66,2.018,7.24,0,635.8,1,13.9,4102.92,3,1,4,0
52,2296.54,3815.31,1.809,9.62,0,569.5,3,10.9,1994.29,2,1,1,0
28,800.0,1840.15,2.198,2.09,1,369.7,1,6.1,91.03,2,1,4,0
53,1413.29,5123.17,3.0,6.49,0,686.1,4,12.7,896.57,1,1,3,0
55,2998.01,1663.64,0.563,2.12,0,655.3,5,11.9,1342.34,1,1,2,0
39,3797.17,4354.87,0.96,0.18,3,488.2,4,13.2,1231.76,1,1,2,1
62,3624.02,1184.01,0.168,7.59,0,496.0,3,14.7,3606.95,3,1,1,0
50,1074.71,4511.29,3.0,4.34,0,435.7,3,16.7,3783.35,4,1,4,0
36,2519.74,1999.54,1.031,9.47,1,829.1,3,17.2,3714.35,2,1,4,0
22,3474.46,1419.94,0.478,5.34,2,773.1,5,12.5,4159.97,0,1,1,0
51,1043.11,2218.57,1.92,1.57,3,608.6,5,17.5,1285.85,3,1,3,1
31,2192.19,2911.97,0.955,4.5,1,520.9,3,16.7,535.91,5,1,3,0
55,2488.52,1904.42,0.853,2.03,0,705.3,3,3.0,498.63,3,1,1,0
45,1921.51,3390.46,1.753,8.78,2,590.3,4,12.6,2601.3,0,1,3,1
42,955.98,1814.2,2.035,6.91,0,836.7,1,5.7,417.37,0,1,4,0
29,1900.07,3516.6,1.745,3.41,0,330.3,3,7.4,1114.49,3,1,2,0
53,1898.7,3188.38,1.721,5.28,0,318.9,3,7.5,983.42,5,1,3,0
29,2058.19,2417.62,1.276,6.69,1,612.7,4,10.2,4157.45,0,0,4,0
40,1707.27,1961.15,1.095,7.83,0,411.8,2,3.2,491.01,4,0,2,0
58,1802.37,2717.3,1.456,0.8,1,632.4,2,6.5,1661.65,4,1,1,0
62,2161.04,3383.57,1.569,0.23,0,729.8,2,3.4,821.16,0,0,2,0
65,2684.68,7770.08,2.959,1.14,0,376.0,3,12.8,1225.46,1,1,1,0
64,1918.35,4191.14,2.183,3.95,0,542.3,5,16.3,1227.85,0,1,2,0
46,1829.63,4276.29,2.454,4.67,0,678.8,4,18.0,1408.71,3,1,3,0
30,2293.36,8000.0,3.0,1.36,0,758.6,2,9.7,959.81,1,1,1,0
58,926.86,3320.34,3.0,4.11,0,573.0,2,6.9,1731.71,5,0,3,1
57,2726.78,3263.64,1.434,4.42,0,413.4,4,15.8,745.3,0,1,4,0
65,2199.44,3682.16,1.602,1.09,0,622.2,4,4.7,138.53,3,1,2,0
50,2239.65,1435.28,0.573,9.17,0,550.0,3,17.6,2537.47,4,1,4,0
28,3389.86,1958.43,0.57,5.99,0,724.6,2,13.7,347.47,1,1,2,0
44,913.65,1892.5,2.079,3.89,0,605.6,1,10.6,927.18,1,0,3,0
41,905.05,3569.69,3.0,5.07,0,453.7,4,4.4,338.42,4,1,1,0
59,2488.47,2271.62,0.911,3.14,0,714.9,3,3.3,4698.24,0,0,2,0
39,2192.97,2697.47,1.225,8.54,0,584.8,2,11.2,5000.0,2,1,4,0
36,2375.09,4546.65,1.935,5.75,0,397.7,5,9.2,4015.76,1,1,3,0
25,1786.93,4018.96,1.966,4.95,0,609.7,3,15.6,1728.01,0,1,3,0
58,2966.6,2287.24,0.997,9.11,0,821.6,5,12.6,289.55,2,1,3,0
55,3347.27,1729.43,0.499,8.38,0,688.0,3,9.5,4877.71,2,1,1,0
23,2735.32,4667.82,1.776,8.13,0,464.3,3,6.4,391.17,2,1,4,0
41,1956.36,3826.42,1.791,2.26,0,691.0,5,10.2,2047.1,4,1,2,0
43,852.14,1033.39,1.156,1.53,0,455.4,5,5.4,796.77,0,1,1,0
42,3109.97,2104.45,0.596,6.9,2,598.5,5,13.0,140.72,2,1,4,0
62,3812.31,2738.26,0.895,4.69,0,589.6,4,12.1,1212.39,1,1,1,0
28,2940.29,3836.83,1.235,6.84,0,436.1,3,15.2,845.9,4,1,4,1
35,1480.85,4124.09,2.876,7.61,2,491.3,2,9.7,1.64,3,1,2,1
29,2979.23,2922.5,0.903,2.95,0,818.2,2,7.2,1047.08,4,1,1,0
32,3240.4,3449.32,1.01,2.85,0,437.8,5,15.5,1806.42,0,1,1,0
61,4436.76,2589.76,0.554,4.91,1,740.6,2,13.4,1115.06,2,1,3,0
63,1483.21,1725.77,1.318,2.74,0,667.1,4,13.6,375.83,0,1,3,0
23,1986.85,2165.38,0.863,6.67,1,592.9,5,10.9,1355.0,1,1,1,0
49,3079.38,2526.25,0.662,7.47,0,375.6,5,16.1,891.15,5,1,2,0
32,2257.58,2452.77,0.853,4.72,0,412.5,5,6.4,932.76,4,1,1,0
30,1330.64,886.23,0.536,7.24,0,398.4,3,9.0,2369.07,0,0,3,0
34,2651.26,2009.08,0.66,5.1,0,622.7,3,14.9,692.0,2,0,4,0
30,2854.38,2578.49,0.71,7.13,2,835.4,5,5.0,515.63,5,1,2,0
43,2288.83,2141.57,0.848,2.25,0,782.5,2,15.1,1084.24,1,0,4,0
65,2428.49,2182.65,0.657,7.39,0,313.9,2,8.3,806.86,4,1,2,0
47,1958.23,3269.66,1.548,7.15,0,450.5,5,4.9,102.68,1,1,1,1
53,4278.84,1381.08,0.467,2.67,1,386.5,3,4.2,728.59,2,1,2,1
43,1466.89,1021.09,0.745,5.56,0,836.6,3,15.6,4027.97,5,1,4,0
22,1689.04,2064.31,1.245,8.55,1,429.6,1,14.7,3123.57,4,1,4,1
25,2210.9,3805.9,1.601,2.5,0,410.7,3,7.3,5000.0,1,0,3,0
33,3267.37,6324.59,1.751,7.36,1,641.5,5,4.7,1748.31,0,0,2,0
32,1121.47,3843.8,3.0,9.54,0,605.9,3,6.7,5000.0,1,1,4,0
58,1219.97,1114.88,0.909,8.66,0,424.2,3,6.2,811.57,2,1,3,0
59,879.4,2200.07,2.606,4.02,0,668.7,3,14.0,1477.93,0,1,4,0
59,2232.61,2878.99,1.398,6.07,0,353.4,4,6.2,3762.55,5,1,3,0
50,1330.05,2756.51,2.148,9.92,0,310.7,5,6.2,2148.66,0,1,3,0
46,1850.41,3363.25,1.729,5.68,0,345.3,3,3.5,814.9,3,0,4,0
50,2962.63,1509.7,0.513,1.15,1,500.7,3,12.0,1776.38,5,1,4,0
39,1648.33,2590.91,1.533,0.45,1,836.3,2,13.3,429.43,2,1,3,0
51,2441.31,3150.21,1.266,7.9,1,601.0,3,12.8,997.78,3,0,1,0
56,1922.75,3936.96,2.292,4.24,2,715.1,2,11.5,528.71,0,1,2,0
55,2976.98,1605.04,0.328,2.47,2,476.8,3,17.5,1481.59,4,1,3,1
49,2724.45,2067.74,0.731,3.48,0,695.6,3,10.1,498.12,5,1,3,0
24,1611.37,565.07,0.496,7.57,0,831.4,2,15.9,1796.16,4,1,2,0
53,2039.21,1776.22,0.695,4.65,1,496.8,2,12.7,2643.15,0,1,1,1
38,3518.88,1873.6,0.455,8.68,2,849.5,2,4.3,556.62,2,1,4,0
54,2626.04,1426.92,0.48,7.35,3,651.1,1,15.2,2630.68,4,1,4,0
45,1173.3,2738.41,2.307,9.74,1,711.7,4,11.8,1676.68,4,1,1,0
60,2954.96,2424.25,0.629,8.89,0,438.7,2,12.8,2213.04,2,1,2,0
36,1350.38,721.61,0.606,2.55,2,653.7,1,5.7,5000.0,5,1,2,0
62,4154.07,2814.6,0.758,6.59,2,581.1,5,9.6,2474.7,1,1,4,1
59,3487.91,1500.37,0.491,0.21,0,826.0,2,16.2,1238.71,4,1,4,0
36,2506.55,3265.52,1.198,9.91,1,797.6,4,6.2,1743.05,2,1,2,0
43,2361.3,1235.25,0.534,2.61,0,518.2,3,3.0,795.93,4,1,2,1
45,2002.49,2541.6,1.161,6.65,2,820.8,4,6.9,3391.11,3,1,2,0
55,2985.58,2139.45,0.677,8.49,0,786.6,3,10.3,1375.06,2,1,1,0
52,1861.92,2953.52,1.845,1.6,1,624.7,2,15.3,2143.14,4,0,2,1
59,2446.02,2677.48,1.106,8.48,0,345.2,4,12.6,5000.0,5,1,2,0
38,3257.07,2172.66,0.525,0.12,0,388.4,4,16.8,724.33,4,1,1,0
44,1708.55,1073.95,0.65,4.42,0,342.3,2,9.8,2055.89,0,1,3,0
40,1667.24,1109.41,0.503,4.72,0,359.4,4,8.9,2299.4,2,1,4,0
62,1285.3,1813.31,1.267,3.74,0,837.3,3,6.5,1432.75,4,1,2,0
35,1362.67,2488.64,1.701,5.86,2,416.7,5,6.3,1965.71,5,1,2,1
47,966.26,1789.17,1.798,9.15,0,680.0,4,14.0,3030.07,2,1,2,0
27,3055.31,3525.98,1.266,3.27,1,650.1,1,4.2,5000.0,4,1,1,0
59,4965.28,2144.1,0.501,5.79,0,647.1,4,6.6,455.81,3,1,3,0
38,4178.09,1470.4,0.415,8.77,0,413.7,5,16.3,893.85,1,1,2,0
36,1058.36,2145.43,1.895,7.73,1,618.6,4,11.7,73.32,5,0,4,0
47,3048.48,2830.67,0.864,0.41,1,644.0,1,3.7,500.6,2,0,2,0
43,4172.04,2989.11,0.749,9.43,0,613.7,4,13.6,1271.8,3,1,4,0
59,1791.21,7024.47,3.0,0.47,1,402.4,3,10.6,2057.39,1,1,2,0
45,2302.76,1730.47,0.718,5.89,1,697.7,2,15.8,1657.88,0,0,1,0
44,891.28,2400.98,2.747,5.75,0,340.3,4,13.2,172.9,2,0,2,1
26,2480.57,3160.27,1.232,7.86,2,625.2,3,3.1,48.45,4,1,4,0
22,1363.23,2468.0,1.838,1.48,1,539.9,4,6.1,3605.86,1,0,2,0
39,2406.79,1898.28,0.98,1.79,0,437.7,3,6.9,880.78,5,1,4,0
65,1089.71,1066.3,0.958,7.52,0,744.1,2,13.5,723.64,4,1,3,0
62,2808.76,1887.65,0.814,1.5,0,396.7,5,10.6,537.63,3,1,3,1
49,3488.56,1385.08,0.464,4.69,0,813.1,3,14.2,627.29,4,1,4,0
49,1546.55,967.21,0.449,7.32,1,786.5,3,10.7,588.85,5,1,3,0
39,1318.96,1613.92,1.091,6.51,1,498.3,3,7.9,1974.89,4,1,3,0
29,833.81,1405.5,1.586,2.11,0,467.8,1,4.6,648.06,4,1,1,0
22,1951.45,3446.55,1.664,3.04,0,375.6,3,6.0,1748.35,4,1,3,0
36,1693.4,3479.51,2.044,9.69,0,804.0,3,9.0,833.42,5,1,3,0
35,1094.72,1520.68,1.463,4.49,0,645.1,5,11.3,1692.35,0,1,1,0
30,2697.47,2166.61,0.954,0.44,2,317.5,5,17.1,2117.38,2,1,3,1
33,1796.73,899.66,0.538,2.2,0,581.0,4,6.6,2828.73,5,1,3,0
23,1355.78,1904.85,1.352,3.42,0,347.2,2,13.0,4621.81,2,1,2,0
48,1714.12,3113.45,1.566,9.99,0,615.6,4,5.3,2433.91,0,1,1,0
62,3562.79,3935.38,1.113,3.03,0,579.9,1,13.7,3436.46,5,1,1,0
52,2885.73,1688.96,0.588,0.26,1,345.6,4,3.2,330.11,3,1,1,0
41,2074.97,4458.49,2.171,5.13,2,748.7,3,12.8,594.65,5,0,1,0
40,2906.81,1086.17,0.626,0.84,0,444.3,5,5.4,147.22,0,1,1,0
35,1304.8,1258.72,1.114,2.74,0,597.8,2,5.7,161.45,0,1,3,0
28,2232.28,3693.61,1.749,9.92,0,651.5,2,11.4,1499.19,3,1,2,0
48,2350.79,6267.69,2.551,7.05,0,829.3,5,8.6,278.07,1,1,1,0
46,1780.74,3279.46,1.78,0.51,0,571.6,3,10.1,883.15,3,0,1,0
22,2676.24,2445.14,0.902,4.49,0,804.5,4,7.6,1718.99,2,1,3,0
40,1548.46,747.47,0.39,1.72,1,495.2,5,17.3,1630.43,1,1,4,0
34,2767.31,821.97,0.357,1.23,0,771.6,3,7.4,109.57,4,1,4,0
29,2820.16,2684.42,0.995,5.87,0,429.7,3,11.1,32.56,0,1,4,0
52,800.0,2053.11,2.436,5.06,0,689.1,3,15.8,526.36,5,1,2,0
45,3758.78,1360.81,0.506,7.43,1,348.7,4,13.0,4342.8,0,1,3,0
49,800.0,2591.75,3.0,8.92,0,842.3,5,7.8,52.57,3,1,1,0
53,1667.35,2663.43,1.39,2.47,0,824.7,2,11.3,152.78,5,1,1,0
65,3489.87,4202.67,1.198,9.23,1,543.2,4,4.2,795.79,0,1,1,0
57,1907.28,2695.06,1.447,5.18,0,588.2,2,11.2,350.73,5,1,1,0
49,1137.32,4913.11,3.0,2.59,2,628.8,3,9.5,441.66,1,0,2,1
